,country,subnational1,subnational2,umd_tree_cover_density__threshold,umd_tree_cover_extent_2000__ha,whrc_aboveground_biomass_stock_2000__Mg,avg_whrc_aboveground_biomass_2000_Mg_ha-1,gfw_gross_emissions_co2e_all_gases__Mg_yr-1,gfw_gross_cumulative_aboveground_belowground_co2_removals__Mg_yr-1,gfw_net_flux_co2e__Mg_yr-1,gfw_gross_emissions_co2e_all_gases_2001__Mg,gfw_gross_emissions_co2e_all_gases_2002__Mg,gfw_gross_emissions_co2e_all_gases_2003__Mg,gfw_gross_emissions_co2e_all_gases_2004__Mg,gfw_gross_emissions_co2e_all_gases_2005__Mg,gfw_gross_emissions_co2e_all_gases_2006__Mg,gfw_gross_emissions_co2e_all_gases_2007__Mg,gfw_gross_emissions_co2e_all_gases_2008__Mg,gfw_gross_emissions_co2e_all_gases_2009__Mg,gfw_gross_emissions_co2e_all_gases_2010__Mg,gfw_gross_emissions_co2e_all_gases_2011__Mg,gfw_gross_emissions_co2e_all_gases_2012__Mg,gfw_gross_emissions_co2e_all_gases_2013__Mg,gfw_gross_emissions_co2e_all_gases_2014__Mg,gfw_gross_emissions_co2e_all_gases_2015__Mg,gfw_gross_emissions_co2e_all_gases_2016__Mg,gfw_gross_emissions_co2e_all_gases_2017__Mg,gfw_gross_emissions_co2e_all_gases_2018__Mg,gfw_gross_emissions_co2e_all_gases_2019__Mg,gfw_gross_emissions_co2e_all_gases_2020__Mg
0,Bolivia,Chuquisaca,Belisario Boeto,0,173421,12852647,74,,,,,,,,,,,,,,,,,,,,,,,
1,Bolivia,Chuquisaca,Belisario Boeto,10,95357,12652126,133,,,,,,,,,,,,,,,,,,,,,,,
2,Bolivia,Chuquisaca,Belisario Boeto,15,91290,12300465,135,,,,,,,,,,,,,,,,,,,,,,,
3,Bolivia,Chuquisaca,Belisario Boeto,20,88728,12069454,136,,,,,,,,,,,,,,,,,,,,,,,
4,Bolivia,Chuquisaca,Belisario Boeto,25,86377,11860378,137,,,,,,,,,,,,,,,,,,,,,,,
5,Bolivia,Chuquisaca,Belisario Boeto,30,83969,11629484,138,57966.0,308868.0,-250902.0,135924.0,46489.0,21277.0,17520.0,43110.0,12727.0,5855.0,86744.0,111768.0,3515.0,66943.0,13425.0,63112.0,62940.0,20003.0,66450.0,115865.0,26331.0,130697.0,108628.0
6,Bolivia,Chuquisaca,Belisario Boeto,50,69610,10243258,147,55262.0,253169.0,-197907.0,130098.0,43750.0,20640.0,17190.0,42025.0,12417.0,5681.0,84293.0,109846.0,3442.0,63492.0,13004.0,60676.0,60093.0,19698.0,63145.0,109487.0,24021.0,119660.0,102580.0
7,Bolivia,Chuquisaca,Belisario Boeto,75,48720,7790621,160,46620.0,173188.0,-126568.0,119819.0,37226.0,19212.0,16585.0,38953.0,11341.0,5297.0,74148.0,103536.0,2977.0,55748.0,11641.0,49565.0,48829.0,18177.0,47411.0,89578.0,18005.0,86841.0,77510.0
8,Bolivia,Chuquisaca,Hernando Siles,0,631596,84049906,133,,,,,,,,,,,,,,,,,,,,,,,
9,Bolivia,Chuquisaca,Hernando Siles,10,559456,83731125,150,,,,,,,,,,,,,,,,,,,,,,,
10,Bolivia,Chuquisaca,Hernando Siles,15,554490,83327946,150,,,,,,,,,,,,,,,,,,,,,,,
11,Bolivia,Chuquisaca,Hernando Siles,20,549841,82940620,151,,,,,,,,,,,,,,,,,,,,,,,
12,Bolivia,Chuquisaca,Hernando Siles,25,546958,82697108,151,,,,,,,,,,,,,,,,,,,,,,,
13,Bolivia,Chuquisaca,Hernando Siles,30,542754,82338700,152,488260.0,1217363.0,-729103.0,576298.0,520886.0,508355.0,317835.0,553841.0,137430.0,143000.0,441112.0,298927.0,61011.0,1722117.0,318739.0,407741.0,344231.0,103686.0,561109.0,743766.0,269745.0,972423.0,762943.0
14,Bolivia,Chuquisaca,Hernando Siles,50,505760,78971931,156,468206.0,1076525.0,-608319.0,571704.0,513247.0,504725.0,315730.0,548113.0,136740.0,141939.0,437237.0,296692.0,60020.0,1705578.0,311432.0,386679.0,325356.0,94389.0,498556.0,672927.0,236606.0,912549.0,693903.0
15,Bolivia,Chuquisaca,Hernando Siles,75,400851,66598832,166,398731.0,733249.0,-334517.0,550277.0,484972.0,484612.0,303358.0,520030.0,132321.0,137640.0,412466.0,287608.0,56017.0,1624428.0,280268.0,288848.0,238413.0,68771.0,318759.0,465549.0,153996.0,698928.0,467368.0
16,Bolivia,Chuquisaca,Jaime Zudáñez,0,410391,7861580,19,,,,,,,,,,,,,,,,,,,,,,,
17,Bolivia,Chuquisaca,Jaime Zudáñez,10,68413,7130905,104,,,,,,,,,,,,,,,,,,,,,,,
18,Bolivia,Chuquisaca,Jaime Zudáñez,15,60092,6393362,106,,,,,,,,,,,,,,,,,,,,,,,
19,Bolivia,Chuquisaca,Jaime Zudáñez,20,55022,5935072,108,,,,,,,,,,,,,,,,,,,,,,,
20,Bolivia,Chuquisaca,Jaime Zudáñez,25,49619,5466692,110,,,,,,,,,,,,,,,,,,,,,,,
21,Bolivia,Chuquisaca,Jaime Zudáñez,30,45150,5041346,112,2152.0,176156.0,-174004.0,12822.0,1523.0,935.0,2207.0,1549.0,1946.0,487.0,1270.0,6111.0,3649.0,4361.0,2796.0,282.0,434.0,126.0,224.0,1102.0,143.0,1058.0,19.0
22,Bolivia,Chuquisaca,Jaime Zudáñez,50,25306,3043498,120,1812.0,98659.0,-96847.0,12207.0,1092.0,817.0,1712.0,1079.0,1769.0,395.0,998.0,4623.0,2781.0,3549.0,2519.0,114.0,306.0,79.0,102.0,984.0,143.0,944.0,19.0
23,Bolivia,Chuquisaca,Jaime Zudáñez,75,11153,1486798,133,1251.0,43436.0,-42185.0,10162.0,695.0,467.0,1182.0,656.0,1201.0,218.0,661.0,2943.0,1788.0,2304.0,1458.0,0.0,168.0,56.0,60.0,480.0,64.0,448.0,0.0
24,Bolivia,Chuquisaca,Juana Azurduay de Padilla,0,305770,13258732,43,,,,,,,,,,,,,,,,,,,,,,,
25,Bolivia,Chuquisaca,Juana Azurduay de Padilla,10,109543,12839821,117,,,,,,,,,,,,,,,,,,,,,,,
26,Bolivia,Chuquisaca,Juana Azurduay de Padilla,15,103322,12285632,119,,,,,,,,,,,,,,,,,,,,,,,
27,Bolivia,Chuquisaca,Juana Azurduay de Padilla,20,98752,11867784,120,,,,,,,,,,,,,,,,,,,,,,,
28,Bolivia,Chuquisaca,Juana Azurduay de Padilla,25,95209,11553574,121,,,,,,,,,,,,,,,,,,,,,,,
29,Bolivia,Chuquisaca,Juana Azurduay de Padilla,30,91825,11243774,122,26572.0,330743.0,-304171.0,25070.0,23778.0,26216.0,15903.0,11891.0,8142.0,9815.0,14679.0,23233.0,5567.0,48935.0,20884.0,21215.0,23196.0,7375.0,43511.0,65015.0,14880.0,63141.0,58990.0
30,Bolivia,Chuquisaca,Juana Azurduay de Padilla,50,70511,9211522,131,23570.0,247664.0,-224093.0,24059.0,23238.0,24061.0,15819.0,11549.0,7917.0,9509.0,13241.0,22421.0,5181.0,46673.0,20058.0,18902.0,20278.0,5762.0,33921.0,54366.0,13282.0,50807.0,50366.0
31,Bolivia,Chuquisaca,Juana Azurduay de Padilla,75,41467,5886583,142,16977.0,136716.0,-119738.0,21854.0,20911.0,21650.0,14282.0,10584.0,6922.0,8519.0,11619.0,20677.0,4687.0,40890.0,17630.0,12550.0,13810.0,2966.0,16797.0,29501.0,5962.0,27690.0,30046.0
32,Bolivia,Chuquisaca,Luis Calvo,0,1277044,118595006,93,,,,,,,,,,,,,,,,,,,,,,,
33,Bolivia,Chuquisaca,Luis Calvo,10,1179919,118455426,100,,,,,,,,,,,,,,,,,,,,,,,
34,Bolivia,Chuquisaca,Luis Calvo,15,1171063,117893602,101,,,,,,,,,,,,,,,,,,,,,,,
35,Bolivia,Chuquisaca,Luis Calvo,20,1157777,117132984,101,,,,,,,,,,,,,,,,,,,,,,,
36,Bolivia,Chuquisaca,Luis Calvo,25,1148644,116637996,102,,,,,,,,,,,,,,,,,,,,,,,
37,Bolivia,Chuquisaca,Luis Calvo,30,1131236,115703223,102,412364.0,3555069.0,-3142705.0,308644.0,177193.0,380465.0,169357.0,355039.0,137905.0,362792.0,490861.0,259652.0,251692.0,717152.0,195796.0,297519.0,167922.0,122456.0,287695.0,739940.0,413489.0,1206721.0,1204989.0
38,Bolivia,Chuquisaca,Luis Calvo,50,668154,91177646,136,362936.0,1928860.0,-1565924.0,298740.0,170015.0,376736.0,157770.0,348327.0,126404.0,356853.0,457741.0,251753.0,241682.0,703467.0,178476.0,262137.0,135215.0,89385.0,246665.0,548347.0,384848.0,934840.0,989319.0
39,Bolivia,Chuquisaca,Luis Calvo,75,360625,58352721,162,271220.0,862763.0,-591543.0,279372.0,156269.0,360867.0,132409.0,325885.0,102859.0,341899.0,372129.0,227704.0,191294.0,657922.0,139787.0,139748.0,62750.0,56041.0,178368.0,405720.0,295605.0,469383.0,528382.0
40,Bolivia,Chuquisaca,Nor Cinti,0,777723,8580073,11,,,,,,,,,,,,,,,,,,,,,,,
41,Bolivia,Chuquisaca,Nor Cinti,10,74761,8095595,108,,,,,,,,,,,,,,,,,,,,,,,
42,Bolivia,Chuquisaca,Nor Cinti,15,69386,7650411,110,,,,,,,,,,,,,,,,,,,,,,,
43,Bolivia,Chuquisaca,Nor Cinti,20,65225,7293838,112,,,,,,,,,,,,,,,,,,,,,,,
44,Bolivia,Chuquisaca,Nor Cinti,25,61820,7012645,113,,,,,,,,,,,,,,,,,,,,,,,
45,Bolivia,Chuquisaca,Nor Cinti,30,59020,6772418,115,19173.0,213797.0,-194624.0,14164.0,11570.0,9189.0,7100.0,8661.0,1531.0,2384.0,10871.0,8117.0,984.0,26162.0,15640.0,40800.0,20314.0,7545.0,39096.0,45823.0,30731.0,45814.0,36974.0
46,Bolivia,Chuquisaca,Nor Cinti,50,41997,5262613,125,17622.0,148282.0,-130660.0,13328.0,11198.0,8759.0,6921.0,8330.0,1340.0,2268.0,10341.0,7036.0,839.0,22867.0,15237.0,38562.0,18749.0,6391.0,36526.0,41861.0,26395.0,41435.0,34064.0
47,Bolivia,Chuquisaca,Nor Cinti,75,23399,3266324,140,11993.0,78040.0,-66047.0,11654.0,10184.0,8202.0,6338.0,7322.0,1063.0,2027.0,8785.0,6427.0,665.0,17071.0,12634.0,25226.0,12172.0,3369.0,21142.0,27025.0,15222.0,21302.0,22025.0
48,Bolivia,Chuquisaca,Oropeza,0,362966,6581192,18,,,,,,,,,,,,,,,,,,,,,,,
49,Bolivia,Chuquisaca,Oropeza,10,57331,6182413,108,,,,,,,,,,,,,,,,,,,,,,,
50,Bolivia,Chuquisaca,Oropeza,15,51312,5645732,110,,,,,,,,,,,,,,,,,,,,,,,
51,Bolivia,Chuquisaca,Oropeza,20,46493,5205550,112,,,,,,,,,,,,,,,,,,,,,,,
52,Bolivia,Chuquisaca,Oropeza,25,41596,4755964,114,,,,,,,,,,,,,,,,,,,,,,,
53,Bolivia,Chuquisaca,Oropeza,30,38111,4427777,116,2603.0,148510.0,-145907.0,2605.0,687.0,1751.0,20386.0,3069.0,559.0,2920.0,1868.0,2786.0,3376.0,3001.0,4875.0,139.0,182.0,574.0,920.0,1277.0,679.0,207.0,201.0
54,Bolivia,Chuquisaca,Oropeza,50,23298,2984202,128,1919.0,90764.0,-88845.0,2455.0,567.0,1176.0,13927.0,2305.0,299.0,1395.0,1234.0,2236.0,2228.0,2797.0,4166.0,139.0,158.0,459.0,811.0,1132.0,537.0,186.0,179.0
55,Bolivia,Chuquisaca,Oropeza,75,11578,1637001,141,810.0,45194.0,-44384.0,2240.0,418.0,346.0,3034.0,937.0,159.0,577.0,682.0,1037.0,812.0,2162.0,2346.0,0.0,72.0,178.0,534.0,465.0,59.0,46.0,101.0
56,Bolivia,Chuquisaca,Sud Cinti,0,558825,29751129,53,,,,,,,,,,,,,,,,,,,,,,,
57,Bolivia,Chuquisaca,Sud Cinti,10,209440,29390923,140,,,,,,,,,,,,,,,,,,,,,,,
58,Bolivia,Chuquisaca,Sud Cinti,15,205687,29071089,141,,,,,,,,,,,,,,,,,,,,,,,
59,Bolivia,Chuquisaca,Sud Cinti,20,202260,28769490,142,,,,,,,,,,,,,,,,,,,,,,,
60,Bolivia,Chuquisaca,Sud Cinti,25,199904,28568118,143,,,,,,,,,,,,,,,,,,,,,,,
61,Bolivia,Chuquisaca,Sud Cinti,30,197567,28362446,144,161986.0,591122.0,-429136.0,90118.0,137398.0,125142.0,91505.0,177615.0,47548.0,31225.0,166987.0,94511.0,155669.0,370590.0,143561.0,220074.0,130605.0,94597.0,172005.0,269024.0,117086.0,246007.0,358454.0
62,Bolivia,Chuquisaca,Sud Cinti,50,180246,26786015,149,159466.0,525462.0,-365995.0,89347.0,136779.0,124522.0,91085.0,176547.0,47423.0,31075.0,166176.0,92605.0,154787.0,369314.0,142346.0,217792.0,129388.0,91192.0,165980.0,261873.0,113375.0,238662.0,349061.0
63,Bolivia,Chuquisaca,Sud Cinti,75,144806,22783634,157,147296.0,402807.0,-255511.0,87574.0,133713.0,122075.0,89349.0,171862.0,46672.0,30336.0,162409.0,87316.0,152048.0,362967.0,135052.0,197167.0,117270.0,76334.0,137670.0,227952.0,96126.0,205890.0,306134.0
64,Bolivia,Chuquisaca,Tomina,0,421211,28799834,68,,,,,,,,,,,,,,,,,,,,,,,
65,Bolivia,Chuquisaca,Tomina,10,200261,28216976,141,,,,,,,,,,,,,,,,,,,,,,,
66,Bolivia,Chuquisaca,Tomina,15,192744,27528382,143,,,,,,,,,,,,,,,,,,,,,,,
67,Bolivia,Chuquisaca,Tomina,20,188250,27095775,144,,,,,,,,,,,,,,,,,,,,,,,
68,Bolivia,Chuquisaca,Tomina,25,184585,26739558,145,,,,,,,,,,,,,,,,,,,,,,,
69,Bolivia,Chuquisaca,Tomina,30,179739,26262744,146,112398.0,545927.0,-433528.0,196826.0,59617.0,79359.0,69368.0,81087.0,28441.0,20556.0,91843.0,129461.0,12961.0,352804.0,37565.0,109974.0,77047.0,33943.0,133632.0,184243.0,75287.0,171320.0,302634.0
70,Bolivia,Chuquisaca,Tomina,50,151895,23471193,155,106772.0,437590.0,-330817.0,190270.0,57583.0,77140.0,68379.0,79436.0,27824.0,19988.0,88873.0,126071.0,12546.0,344047.0,36146.0,105832.0,72885.0,31828.0,122281.0,166272.0,68418.0,155043.0,284587.0
71,Bolivia,Chuquisaca,Tomina,75,113362,18982572,167,92257.0,292462.0,-200205.0,178646.0,52836.0,72462.0,65220.0,75883.0,26036.0,18160.0,82941.0,118604.0,11887.0,324865.0,32487.0,90048.0,59777.0,25989.0,93469.0,121340.0,49963.0,116652.0,227877.0
72,Bolivia,Chuquisaca,Yamparáez,0,168135,748961,4,,,,,,,,,,,,,,,,,,,,,,,
73,Bolivia,Chuquisaca,Yamparáez,10,5514,605154,110,,,,,,,,,,,,,,,,,,,,,,,
74,Bolivia,Chuquisaca,Yamparáez,15,4557,513096,113,,,,,,,,,,,,,,,,,,,,,,,
75,Bolivia,Chuquisaca,Yamparáez,20,3928,450961,115,,,,,,,,,,,,,,,,,,,,,,,
76,Bolivia,Chuquisaca,Yamparáez,25,3287,386627,118,,,,,,,,,,,,,,,,,,,,,,,
77,Bolivia,Chuquisaca,Yamparáez,30,2822,340115,121,275.0,10998.0,-10722.0,1920.0,438.0,0.0,28.0,46.0,1064.0,57.0,141.0,1411.0,90.0,77.0,123.0,0.0,24.0,0.0,28.0,60.0,0.0,0.0,0.0
78,Bolivia,Chuquisaca,Yamparáez,50,1461,197043,135,250.0,5686.0,-5436.0,1703.0,336.0,0.0,28.0,46.0,1007.0,57.0,141.0,1344.0,24.0,77.0,123.0,0.0,24.0,0.0,28.0,60.0,0.0,0.0,0.0
79,Bolivia,Chuquisaca,Yamparáez,75,482,73849,153,191.0,1868.0,-1676.0,1338.0,294.0,0.0,28.0,26.0,912.0,29.0,141.0,898.0,0.0,30.0,97.0,0.0,0.0,0.0,0.0,30.0,0.0,0.0,0.0
80,Bolivia,Cochabamba,Arani,0,295103,32065375,109,,,,,,,,,,,,,,,,,,,,,,,
81,Bolivia,Cochabamba,Arani,10,153036,31739557,207,,,,,,,,,,,,,,,,,,,,,,,
82,Bolivia,Cochabamba,Arani,15,152491,31688729,208,,,,,,,,,,,,,,,,,,,,,,,
83,Bolivia,Cochabamba,Arani,20,152152,31656292,208,,,,,,,,,,,,,,,,,,,,,,,
84,Bolivia,Cochabamba,Arani,25,151902,31632084,208,,,,,,,,,,,,,,,,,,,,,,,
85,Bolivia,Cochabamba,Arani,30,151653,31607382,208,340624.0,308244.0,32380.0,498444.0,232345.0,210713.0,307073.0,281759.0,366461.0,404098.0,404803.0,396786.0,277241.0,432363.0,237296.0,282210.0,374955.0,212311.0,455183.0,448619.0,182038.0,595791.0,211991.0
86,Bolivia,Cochabamba,Arani,50,149217,31351638,210,338887.0,297813.0,41073.0,498249.0,232119.0,210621.0,306767.0,281290.0,365848.0,403395.0,403973.0,396209.0,276540.0,431820.0,236787.0,281189.0,371975.0,209650.0,449876.0,442990.0,179807.0,588686.0,209939.0
87,Bolivia,Cochabamba,Arani,75,141407,30269446,214,331775.0,269954.0,61820.0,497174.0,230790.0,210176.0,305068.0,279330.0,363375.0,400652.0,400114.0,394813.0,274822.0,429317.0,234622.0,273782.0,359429.0,201927.0,425744.0,420596.0,171124.0,562573.0,200069.0
88,Bolivia,Cochabamba,Arque,0,178505,158350,1,,,,,,,,,,,,,,,,,,,,,,,
89,Bolivia,Cochabamba,Arque,10,376,43128,115,,,,,,,,,,,,,,,,,,,,,,,
90,Bolivia,Cochabamba,Arque,15,280,34154,122,,,,,,,,,,,,,,,,,,,,,,,
91,Bolivia,Cochabamba,Arque,20,241,30315,126,,,,,,,,,,,,,,,,,,,,,,,
92,Bolivia,Cochabamba,Arque,25,214,27659,129,,,,,,,,,,,,,,,,,,,,,,,
93,Bolivia,Cochabamba,Arque,30,200,26236,131,3.0,786.0,-783.0,0.0,0.0,0.0,0.0,0.0,0.0,0.0,0.0,0.0,0.0,63.0,0.0,0.0,0.0,0.0,0.0,0.0,0.0,0.0,0.0
94,Bolivia,Cochabamba,Arque,50,118,17520,148,3.0,466.0,-463.0,0.0,0.0,0.0,0.0,0.0,0.0,0.0,0.0,0.0,0.0,63.0,0.0,0.0,0.0,0.0,0.0,0.0,0.0,0.0,0.0
95,Bolivia,Cochabamba,Arque,75,48,8130,169,3.0,193.0,-190.0,0.0,0.0,0.0,0.0,0.0,0.0,0.0,0.0,0.0,0.0,63.0,0.0,0.0,0.0,0.0,0.0,0.0,0.0,0.0,0.0
96,Bolivia,Cochabamba,Ayopaya,0,910964,110973243,122,,,,,,,,,,,,,,,,,,,,,,,
97,Bolivia,Cochabamba,Ayopaya,10,561283,109568062,195,,,,,,,,,,,,,,,,,,,,,,,
98,Bolivia,Cochabamba,Ayopaya,15,556665,109121468,196,,,,,,,,,,,,,,,,,,,,,,,
99,Bolivia,Cochabamba,Ayopaya,20,553687,108821161,197,,,,,,,,,,,,,,,,,,,,,,,
100,Bolivia,Cochabamba,Ayopaya,25,551029,108565919,197,,,,,,,,,,,,,,,,,,,,,,,
101,Bolivia,Cochabamba,Ayopaya,30,549001,108359370,197,256387.0,749710.0,-493323.0,47326.0,59091.0,73775.0,66547.0,67377.0,126190.0,156058.0,161688.0,192866.0,206268.0,265596.0,263992.0,278427.0,564742.0,287386.0,393285.0,550712.0,270607.0,539429.0,556382.0
102,Bolivia,Cochabamba,Ayopaya,50,537148,107025200,199,255609.0,704068.0,-448459.0,46871.0,58824.0,73188.0,65780.0,66503.0,125855.0,155948.0,160314.0,192652.0,205945.0,265336.0,263526.0,278035.0,563804.0,287209.0,392447.0,547985.0,269134.0,537991.0,554824.0
103,Bolivia,Cochabamba,Ayopaya,75,514543,103493377,201,252293.0,625335.0,-373042.0,45356.0,58307.0,70587.0,64552.0,65016.0,124451.0,155414.0,157669.0,191832.0,204856.0,263375.0,262268.0,276548.0,560910.0,285761.0,383031.0,530799.0,262967.0,532317.0,549847.0
104,Bolivia,Cochabamba,Capinota,0,95568,418038,4,,,,,,,,,,,,,,,,,,,,,,,
105,Bolivia,Cochabamba,Capinota,10,3137,320511,102,,,,,,,,,,,,,,,,,,,,,,,
106,Bolivia,Cochabamba,Capinota,15,2439,259155,106,,,,,,,,,,,,,,,,,,,,,,,
107,Bolivia,Cochabamba,Capinota,20,2044,223650,109,,,,,,,,,,,,,,,,,,,,,,,
108,Bolivia,Cochabamba,Capinota,25,1769,198907,112,,,,,,,,,,,,,,,,,,,,,,,
109,Bolivia,Cochabamba,Capinota,30,1557,179964,116,17.0,6082.0,-6065.0,54.0,20.0,57.0,0.0,0.0,0.0,0.0,0.0,0.0,0.0,57.0,0.0,56.0,37.0,0.0,0.0,0.0,62.0,0.0,0.0
110,Bolivia,Cochabamba,Capinota,50,858,114402,133,11.0,3353.0,-3342.0,44.0,20.0,57.0,0.0,0.0,0.0,0.0,0.0,0.0,0.0,57.0,0.0,19.0,18.0,0.0,0.0,0.0,0.0,0.0,0.0
111,Bolivia,Cochabamba,Capinota,75,353,54671,155,4.0,1381.0,-1377.0,0.0,0.0,57.0,0.0,0.0,0.0,0.0,0.0,0.0,0.0,30.0,0.0,0.0,0.0,0.0,0.0,0.0,0.0,0.0,0.0
112,Bolivia,Cochabamba,Carrasco,0,1254358,189668431,151,,,,,,,,,,,,,,,,,,,,,,,
113,Bolivia,Cochabamba,Carrasco,10,979200,188165104,192,,,,,,,,,,,,,,,,,,,,,,,
114,Bolivia,Cochabamba,Carrasco,15,971967,187530152,193,,,,,,,,,,,,,,,,,,,,,,,
115,Bolivia,Cochabamba,Carrasco,20,966483,187067600,194,,,,,,,,,,,,,,,,,,,,,,,
116,Bolivia,Cochabamba,Carrasco,25,962965,186758069,194,,,,,,,,,,,,,,,,,,,,,,,
117,Bolivia,Cochabamba,Carrasco,30,959381,186447928,194,3318208.0,2257570.0,1060638.0,3632984.0,3649544.0,3311353.0,4207911.0,2872955.0,3209152.0,2980398.0,4720137.0,3527239.0,3291896.0,3108071.0,2578686.0,2809276.0,4461674.0,2042904.0,3390896.0,4280232.0,2016333.0,3789602.0,2482919.0
118,Bolivia,Cochabamba,Carrasco,50,935700,184416877,197,3297102.0,2142628.0,1154474.0,3631394.0,3647013.0,3309080.0,4204522.0,2869472.0,3205353.0,2975056.0,4714810.0,3522686.0,3285204.0,3102199.0,2570683.0,2792298.0,4420062.0,2017320.0,3329231.0,4200153.0,1978174.0,3728834.0,2438498.0
119,Bolivia,Cochabamba,Carrasco,75,882932,178456846,202,3214778.0,1900040.0,1314738.0,3616285.0,3628015.0,3294833.0,4176538.0,2844865.0,3176213.0,2945474.0,4684056.0,3496965.0,3254225.0,3066617.0,2530513.0,2711588.0,4256319.0,1917793.0,3108677.0,3920115.0,1852633.0,3519178.0,2294655.0
120,Bolivia,Cochabamba,Cercado,0,31163,181414,6,,,,,,,,,,,,,,,,,,,,,,,
121,Bolivia,Cochabamba,Cercado,10,1186,145082,122,,,,,,,,,,,,,,,,,,,,,,,
122,Bolivia,Cochabamba,Cercado,15,1008,128894,128,,,,,,,,,,,,,,,,,,,,,,,
123,Bolivia,Cochabamba,Cercado,20,909,119634,132,,,,,,,,,,,,,,,,,,,,,,,
124,Bolivia,Cochabamba,Cercado,25,820,111310,136,,,,,,,,,,,,,,,,,,,,,,,
125,Bolivia,Cochabamba,Cercado,30,741,103983,140,316.0,2867.0,-2552.0,179.0,90.0,0.0,84.0,191.0,65.0,1459.0,3276.0,232.0,140.0,228.0,112.0,36.0,0.0,0.0,0.0,30.0,142.0,20.0,30.0
126,Bolivia,Cochabamba,Cercado,50,426,70865,166,283.0,1642.0,-1359.0,138.0,0.0,0.0,84.0,99.0,65.0,1434.0,3205.0,86.0,121.0,228.0,55.0,0.0,0.0,0.0,0.0,0.0,142.0,0.0,0.0
127,Bolivia,Cochabamba,Cercado,75,228,43092,189,251.0,873.0,-622.0,75.0,0.0,0.0,24.0,46.0,34.0,1283.0,3035.0,61.0,96.0,228.0,31.0,0.0,0.0,0.0,0.0,0.0,109.0,0.0,0.0
128,Bolivia,Cochabamba,Chapare,0,1285151,200648037,156,,,,,,,,,,,,,,,,,,,,,,,
129,Bolivia,Cochabamba,Chapare,10,1004454,199553430,199,,,,,,,,,,,,,,,,,,,,,,,
130,Bolivia,Cochabamba,Chapare,15,998378,199211352,200,,,,,,,,,,,,,,,,,,,,,,,
131,Bolivia,Cochabamba,Chapare,20,991650,198842425,201,,,,,,,,,,,,,,,,,,,,,,,
132,Bolivia,Cochabamba,Chapare,25,987219,198594679,201,,,,,,,,,,,,,,,,,,,,,,,
133,Bolivia,Cochabamba,Chapare,30,981615,198273093,202,2482679.0,2145281.0,337398.0,2059432.0,1887892.0,2085098.0,3002216.0,1777404.0,1945092.0,1812298.0,3341548.0,2812144.0,3249368.0,3911306.0,1841740.0,2190770.0,2865222.0,1413832.0,2244494.0,4352278.0,1316872.0,3725430.0,1819135.0
134,Bolivia,Cochabamba,Chapare,50,953877,196492382,206,2470327.0,2011076.0,459250.0,2057615.0,1885824.0,2083216.0,2991082.0,1772023.0,1938894.0,1808681.0,3334978.0,2807921.0,3241912.0,3896270.0,1828041.0,2176349.0,2828754.0,1397750.0,2231140.0,4320118.0,1304179.0,3695221.0,1806566.0
135,Bolivia,Cochabamba,Chapare,75,899593,190579993,212,2424363.0,1781469.0,642893.0,2049105.0,1877246.0,2070942.0,2945745.0,1754194.0,1916580.0,1796086.0,3308143.0,2789429.0,3215609.0,3851202.0,1797466.0,2122426.0,2741788.0,1355016.0,2164128.0,4167248.0,1255003.0,3565806.0,1744088.0
136,Bolivia,Cochabamba,Esteban Arce,0,118207,554170,5,,,,,,,,,,,,,,,,,,,,,,,
137,Bolivia,Cochabamba,Esteban Arce,10,4077,446275,109,,,,,,,,,,,,,,,,,,,,,,,
138,Bolivia,Cochabamba,Esteban Arce,15,3319,377739,114,,,,,,,,,,,,,,,,,,,,,,,
139,Bolivia,Cochabamba,Esteban Arce,20,2948,342883,116,,,,,,,,,,,,,,,,,,,,,,,
140,Bolivia,Cochabamba,Esteban Arce,25,2626,312302,119,,,,,,,,,,,,,,,,,,,,,,,
141,Bolivia,Cochabamba,Esteban Arce,30,2383,289511,121,108.0,9312.0,-9204.0,489.0,0.0,0.0,208.0,0.0,49.0,44.0,0.0,58.0,0.0,0.0,32.0,92.0,133.0,0.0,405.0,328.0,184.0,26.0,119.0
142,Bolivia,Cochabamba,Esteban Arce,50,1537,206681,135,102.0,6004.0,-5902.0,473.0,0.0,0.0,208.0,0.0,29.0,44.0,0.0,58.0,0.0,0.0,32.0,92.0,93.0,0.0,405.0,328.0,184.0,0.0,91.0
143,Bolivia,Cochabamba,Esteban Arce,75,641,99281,155,93.0,2503.0,-2410.0,450.0,0.0,0.0,193.0,0.0,29.0,23.0,0.0,29.0,0.0,0.0,32.0,92.0,41.0,0.0,405.0,328.0,184.0,0.0,63.0
144,Bolivia,Cochabamba,Germán Jordán,0,19266,55022,3,,,,,,,,,,,,,,,,,,,,,,,
145,Bolivia,Cochabamba,Germán Jordán,10,311,34905,112,,,,,,,,,,,,,,,,,,,,,,,
146,Bolivia,Cochabamba,Germán Jordán,15,246,28914,118,,,,,,,,,,,,,,,,,,,,,,,
147,Bolivia,Cochabamba,Germán Jordán,20,212,25770,122,,,,,,,,,,,,,,,,,,,,,,,
148,Bolivia,Cochabamba,Germán Jordán,25,188,23494,125,,,,,,,,,,,,,,,,,,,,,,,
149,Bolivia,Cochabamba,Germán Jordán,30,166,21439,129,14.0,650.0,-636.0,150.0,0.0,0.0,0.0,0.0,0.0,0.0,0.0,33.0,0.0,0.0,0.0,46.0,19.0,0.0,0.0,0.0,0.0,38.0,0.0
150,Bolivia,Cochabamba,Germán Jordán,50,98,14586,148,11.0,386.0,-375.0,150.0,0.0,0.0,0.0,0.0,0.0,0.0,0.0,0.0,0.0,0.0,0.0,26.0,0.0,0.0,0.0,0.0,0.0,38.0,0.0
151,Bolivia,Cochabamba,Germán Jordán,75,49,8234,170,9.0,191.0,-182.0,150.0,0.0,0.0,0.0,0.0,0.0,0.0,0.0,0.0,0.0,0.0,0.0,0.0,0.0,0.0,0.0,0.0,0.0,38.0,0.0
152,Bolivia,Cochabamba,Mizque,0,308490,3316416,11,,,,,,,,,,,,,,,,,,,,,,,
153,Bolivia,Cochabamba,Mizque,10,24557,2704796,110,,,,,,,,,,,,,,,,,,,,,,,
154,Bolivia,Cochabamba,Mizque,15,21129,2388275,113,,,,,,,,,,,,,,,,,,,,,,,
155,Bolivia,Cochabamba,Mizque,20,18608,2149334,116,,,,,,,,,,,,,,,,,,,,,,,
156,Bolivia,Cochabamba,Mizque,25,17125,2010980,117,,,,,,,,,,,,,,,,,,,,,,,
157,Bolivia,Cochabamba,Mizque,30,15824,1890169,119,1438.0,61733.0,-60295.0,1956.0,758.0,1174.0,3528.0,636.0,1008.0,865.0,1452.0,862.0,1789.0,1426.0,3258.0,511.0,876.0,24.0,1248.0,2201.0,2553.0,1170.0,1469.0
158,Bolivia,Cochabamba,Mizque,50,10291,1359808,132,1166.0,40130.0,-38965.0,1870.0,668.0,934.0,2962.0,499.0,954.0,675.0,1002.0,597.0,1063.0,1161.0,2836.0,471.0,711.0,24.0,986.0,1840.0,2262.0,800.0,998.0
159,Bolivia,Cochabamba,Mizque,75,5005,735315,147,807.0,19518.0,-18711.0,1442.0,437.0,643.0,2153.0,362.0,842.0,592.0,387.0,342.0,448.0,1020.0,2384.0,315.0,461.0,24.0,553.0,1001.0,1947.0,361.0,419.0
160,Bolivia,Cochabamba,Narciso Campero,0,602104,14749237,24,,,,,,,,,,,,,,,,,,,,,,,
161,Bolivia,Cochabamba,Narciso Campero,10,135569,13429858,99,,,,,,,,,,,,,,,,,,,,,,,
162,Bolivia,Cochabamba,Narciso Campero,15,117732,11907510,101,,,,,,,,,,,,,,,,,,,,,,,
163,Bolivia,Cochabamba,Narciso Campero,20,106292,10901126,103,,,,,,,,,,,,,,,,,,,,,,,
164,Bolivia,Cochabamba,Narciso Campero,25,96556,10074744,104,,,,,,,,,,,,,,,,,,,,,,,
165,Bolivia,Cochabamba,Narciso Campero,30,88435,9337976,106,5734.0,344796.0,-339062.0,7420.0,2017.0,2427.0,15501.0,6874.0,1806.0,4330.0,6384.0,8734.0,12143.0,8198.0,18062.0,1544.0,7110.0,574.0,3380.0,2843.0,1852.0,709.0,2775.0
166,Bolivia,Cochabamba,Narciso Campero,50,50608,5742653,113,4241.0,197176.0,-192934.0,6370.0,1548.0,1838.0,10658.0,4996.0,1458.0,2748.0,4110.0,6134.0,8808.0,6777.0,15220.0,842.0,5571.0,288.0,1616.0,2191.0,912.0,474.0,2266.0
167,Bolivia,Cochabamba,Narciso Campero,75,22302,2798207,125,2386.0,86862.0,-84476.0,4870.0,735.0,1187.0,4023.0,2526.0,1012.0,1404.0,2442.0,3647.0,3729.0,4217.0,10800.0,203.0,3999.0,99.0,509.0,786.0,148.0,56.0,1330.0
168,Bolivia,Cochabamba,Punata,0,33746,87817,3,,,,,,,,,,,,,,,,,,,,,,,
169,Bolivia,Cochabamba,Punata,10,433,50821,117,,,,,,,,,,,,,,,,,,,,,,,
170,Bolivia,Cochabamba,Punata,15,348,42996,123,,,,,,,,,,,,,,,,,,,,,,,
171,Bolivia,Cochabamba,Punata,20,307,39091,127,,,,,,,,,,,,,,,,,,,,,,,
172,Bolivia,Cochabamba,Punata,25,275,36012,131,,,,,,,,,,,,,,,,,,,,,,,
173,Bolivia,Cochabamba,Punata,30,255,34093,134,259.0,993.0,-734.0,99.0,457.0,25.0,112.0,0.0,0.0,265.0,60.0,470.0,66.0,708.0,32.0,20.0,20.0,0.0,27.0,907.0,1539.0,208.0,165.0
174,Bolivia,Cochabamba,Punata,50,150,23203,155,229.0,583.0,-354.0,58.0,441.0,25.0,112.0,0.0,0.0,265.0,60.0,470.0,48.0,660.0,32.0,20.0,0.0,0.0,27.0,684.0,1380.0,183.0,123.0
175,Bolivia,Cochabamba,Punata,75,75,12971,173,181.0,295.0,-115.0,58.0,415.0,0.0,112.0,0.0,0.0,265.0,60.0,334.0,28.0,457.0,32.0,20.0,0.0,0.0,27.0,519.0,1045.0,124.0,123.0
176,Bolivia,Cochabamba,Quillacollo,0,128427,560020,4,,,,,,,,,,,,,,,,,,,,,,,
177,Bolivia,Cochabamba,Quillacollo,10,2663,310157,116,,,,,,,,,,,,,,,,,,,,,,,
178,Bolivia,Cochabamba,Quillacollo,15,2210,267708,121,,,,,,,,,,,,,,,,,,,,,,,
179,Bolivia,Cochabamba,Quillacollo,20,1908,238431,125,,,,,,,,,,,,,,,,,,,,,,,
180,Bolivia,Cochabamba,Quillacollo,25,1688,217467,129,,,,,,,,,,,,,,,,,,,,,,,
181,Bolivia,Cochabamba,Quillacollo,30,1516,201237,133,156.0,5919.0,-5762.0,221.0,31.0,79.0,59.0,26.0,52.0,246.0,65.0,96.0,434.0,181.0,87.0,427.0,544.0,0.0,172.0,123.0,218.0,66.0,0.0
182,Bolivia,Cochabamba,Quillacollo,50,820,130443,159,128.0,3205.0,-3076.0,132.0,0.0,79.0,38.0,26.0,52.0,199.0,31.0,96.0,415.0,117.0,87.0,305.0,460.0,0.0,172.0,72.0,218.0,66.0,0.0
183,Bolivia,Cochabamba,Quillacollo,75,366,66356,181,82.0,1435.0,-1353.0,102.0,0.0,79.0,0.0,0.0,0.0,102.0,31.0,67.0,251.0,117.0,61.0,236.0,247.0,0.0,65.0,72.0,164.0,37.0,0.0
184,Bolivia,Cochabamba,Tapacarí,0,164962,200094,1,,,,,,,,,,,,,,,,,,,,,,,
185,Bolivia,Cochabamba,Tapacarí,10,540,60658,112,,,,,,,,,,,,,,,,,,,,,,,
186,Bolivia,Cochabamba,Tapacarí,15,390,46594,119,,,,,,,,,,,,,,,,,,,,,,,
187,Bolivia,Cochabamba,Tapacarí,20,318,39538,124,,,,,,,,,,,,,,,,,,,,,,,
188,Bolivia,Cochabamba,Tapacarí,25,272,35065,129,,,,,,,,,,,,,,,,,,,,,,,
189,Bolivia,Cochabamba,Tapacarí,30,241,31970,133,24.0,961.0,-937.0,65.0,0.0,160.0,58.0,0.0,41.0,0.0,0.0,0.0,0.0,0.0,0.0,0.0,0.0,0.0,66.0,0.0,24.0,38.0,27.0
190,Bolivia,Cochabamba,Tapacarí,50,139,21173,152,24.0,562.0,-539.0,65.0,0.0,160.0,58.0,0.0,41.0,0.0,0.0,0.0,0.0,0.0,0.0,0.0,0.0,0.0,66.0,0.0,24.0,38.0,27.0
191,Bolivia,Cochabamba,Tapacarí,75,61,10633,175,20.0,256.0,-237.0,65.0,0.0,130.0,0.0,0.0,41.0,0.0,0.0,0.0,0.0,0.0,0.0,0.0,0.0,0.0,66.0,0.0,24.0,38.0,27.0
192,Bolivia,El Beni,Cercado,0,1169014,122974479,105,,,,,,,,,,,,,,,,,,,,,,,
193,Bolivia,El Beni,Cercado,10,758815,122526727,161,,,,,,,,,,,,,,,,,,,,,,,
194,Bolivia,El Beni,Cercado,15,741774,121916860,164,,,,,,,,,,,,,,,,,,,,,,,
195,Bolivia,El Beni,Cercado,20,722307,121174839,168,,,,,,,,,,,,,,,,,,,,,,,
196,Bolivia,El Beni,Cercado,25,705447,120540948,171,,,,,,,,,,,,,,,,,,,,,,,
197,Bolivia,El Beni,Cercado,30,693102,120059291,173,1381932.0,2245013.0,-863081.0,155701.0,740239.0,351134.0,956573.0,1644537.0,694893.0,646092.0,2698775.0,422971.0,1406400.0,1212245.0,512118.0,336593.0,1117512.0,887803.0,2182775.0,5442167.0,1629899.0,2607534.0,1992680.0
198,Bolivia,El Beni,Cercado,50,597537,116141615,194,1316617.0,1757313.0,-440696.0,142981.0,685588.0,329483.0,918943.0,1508958.0,652118.0,625710.0,2475007.0,392972.0,1322075.0,1102745.0,487168.0,311052.0,988996.0,872379.0,2130210.0,5336744.0,1600317.0,2503281.0,1945619.0
199,Bolivia,El Beni,Cercado,75,503119,109351694,217,1163267.0,1278352.0,-115085.0,110236.0,589658.0,303475.0,840688.0,1281526.0,573379.0,582598.0,2222095.0,342686.0,1180995.0,954522.0,431429.0,259353.0,826445.0,831935.0,1765665.0,4602786.0,1541537.0,2193370.0,1830956.0
200,Bolivia,El Beni,José Ballivián,0,3276768,407353742,124,,,,,,,,,,,,,,,,,,,,,,,
201,Bolivia,El Beni,José Ballivián,10,2071757,406739371,196,,,,,,,,,,,,,,,,,,,,,,,
202,Bolivia,El Beni,José Ballivián,15,2053785,406067700,198,,,,,,,,,,,,,,,,,,,,,,,
203,Bolivia,El Beni,José Ballivián,20,2031400,405195205,199,,,,,,,,,,,,,,,,,,,,,,,
204,Bolivia,El Beni,José Ballivián,25,2014891,404552325,201,,,,,,,,,,,,,,,,,,,,,,,
205,Bolivia,El Beni,José Ballivián,30,1997759,403860422,202,5560699.0,5517456.0,43242.0,3044371.0,3383151.0,3247680.0,2259476.0,3429822.0,4528922.0,3823031.0,5875704.0,6376287.0,15049999.0,5257883.0,4171926.0,4003012.0,8499019.0,3284523.0,5660882.0,6144326.0,5758623.0,9505184.0,7910153.0
206,Bolivia,El Beni,José Ballivián,50,1876303,398808225,213,5481360.0,4886679.0,594681.0,3034525.0,3361109.0,3240422.0,2250243.0,3415883.0,4490918.0,3810562.0,5807759.0,6343920.0,14827404.0,5220991.0,4105574.0,3938748.0,8427040.0,3213591.0,5525760.0,6057754.0,5585535.0,9210641.0,7758828.0
207,Bolivia,El Beni,José Ballivián,75,1726918,388742521,225,5309084.0,4132369.0,1176714.0,3004935.0,3299604.0,3220290.0,2223264.0,3374949.0,4406287.0,3784069.0,5678377.0,6277364.0,14365625.0,5167679.0,4015813.0,3823199.0,8223976.0,3051828.0,5290581.0,5813085.0,5292285.0,8438794.0,7429676.0
208,Bolivia,El Beni,Mamoré,0,1865544,99391132,53,,,,,,,,,,,,,,,,,,,,,,,
209,Bolivia,El Beni,Mamoré,10,729558,98658742,135,,,,,,,,,,,,,,,,,,,,,,,
210,Bolivia,El Beni,Mamoré,15,714967,97993953,137,,,,,,,,,,,,,,,,,,,,,,,
211,Bolivia,El Beni,Mamoré,20,699421,97229600,139,,,,,,,,,,,,,,,,,,,,,,,
212,Bolivia,El Beni,Mamoré,25,685532,96556659,141,,,,,,,,,,,,,,,,,,,,,,,
213,Bolivia,El Beni,Mamoré,30,671863,95845699,143,704845.0,2410355.0,-1705511.0,216780.0,296831.0,236956.0,288133.0,700976.0,228341.0,450579.0,454158.0,333202.0,1158519.0,486265.0,546272.0,438496.0,1809961.0,425655.0,1648952.0,2238095.0,343767.0,800775.0,994180.0
214,Bolivia,El Beni,Mamoré,50,572130,90062382,157,664919.0,1906487.0,-1241568.0,208147.0,269890.0,232009.0,235750.0,630178.0,217881.0,428704.0,408395.0,306066.0,1100677.0,395905.0,517649.0,389291.0,1718178.0,406950.0,1620857.0,2221486.0,327769.0,723601.0,939004.0
215,Bolivia,El Beni,Mamoré,75,455920,80369997,176,580108.0,1338294.0,-758187.0,196234.0,246183.0,223089.0,189736.0,558012.0,204033.0,407636.0,378752.0,273587.0,1054438.0,326888.0,473537.0,279778.0,1480409.0,348049.0,1512054.0,1937719.0,261723.0,517459.0,732844.0
216,Bolivia,El Beni,Marbán,0,2506571,350672817,140,,,,,,,,,,,,,,,,,,,,,,,
217,Bolivia,El Beni,Marbán,10,2013568,349300593,173,,,,,,,,,,,,,,,,,,,,,,,
218,Bolivia,El Beni,Marbán,15,1985024,348142797,175,,,,,,,,,,,,,,,,,,,,,,,
219,Bolivia,El Beni,Marbán,20,1950082,346653414,178,,,,,,,,,,,,,,,,,,,,,,,
220,Bolivia,El Beni,Marbán,25,1925042,345590839,180,,,,,,,,,,,,,,,,,,,,,,,
221,Bolivia,El Beni,Marbán,30,1899533,344457142,181,7023732.0,5678166.0,1345566.0,1707777.0,4840028.0,3847834.0,4982661.0,7729269.0,8755625.0,8212136.0,10813139.0,3364460.0,9217305.0,4025951.0,6508130.0,3073371.0,9682215.0,4817408.0,13216669.0,10907841.0,8006113.0,9610427.0,7156285.0
222,Bolivia,El Beni,Marbán,50,1721482,336474521,195,6888061.0,4766563.0,2121498.0,1691541.0,4632592.0,3818350.0,4847999.0,7578615.0,8619154.0,8148171.0,10599495.0,3330482.0,9062777.0,3863754.0,6427388.0,3030633.0,9501132.0,4746150.0,12845230.0,10700837.0,7832778.0,9467488.0,7016659.0
223,Bolivia,El Beni,Marbán,75,1532824,322080289,210,6509134.0,3807528.0,2701605.0,1637110.0,3965132.0,3701290.0,4516898.0,7107042.0,8274308.0,7918905.0,10105903.0,3236553.0,8617389.0,3491093.0,6153391.0,2909563.0,9025324.0,4547184.0,11929632.0,9986672.0,7382434.0,9028699.0,6648155.0
224,Bolivia,El Beni,Moxos,0,2508790,366027342,146,,,,,,,,,,,,,,,,,,,,,,,
225,Bolivia,El Beni,Moxos,10,1932246,364960010,189,,,,,,,,,,,,,,,,,,,,,,,
226,Bolivia,El Beni,Moxos,15,1907266,363974477,191,,,,,,,,,,,,,,,,,,,,,,,
227,Bolivia,El Beni,Moxos,20,1876810,362706809,193,,,,,,,,,,,,,,,,,,,,,,,
228,Bolivia,El Beni,Moxos,25,1853790,361753824,195,,,,,,,,,,,,,,,,,,,,,,,
229,Bolivia,El Beni,Moxos,30,1828802,360700539,197,1626692.0,4507070.0,-2880379.0,1114060.0,1431720.0,1125614.0,2645123.0,665943.0,1899395.0,1361761.0,1928946.0,1485608.0,2516719.0,2958676.0,1555376.0,1159633.0,2319896.0,775145.0,1343435.0,2047096.0,928286.0,2084681.0,1186716.0
230,Bolivia,El Beni,Moxos,50,1632156,352074447,216,1582643.0,3518360.0,-1935717.0,1107776.0,1414398.0,1116359.0,2592811.0,651102.0,1884501.0,1346448.0,1869555.0,1473151.0,2454848.0,2861034.0,1525283.0,1113974.0,2256245.0,758338.0,1169050.0,1961065.0,898523.0,2048378.0,1150016.0
231,Bolivia,El Beni,Moxos,75,1460332,339101991,232,1504436.0,2686565.0,-1182128.0,1088631.0,1365337.0,1088328.0,2516206.0,625276.0,1852316.0,1310853.0,1784933.0,1447099.0,2347117.0,2727772.0,1470408.0,1039777.0,2094543.0,713482.0,1031402.0,1782586.0,817859.0,1920230.0,1064568.0
232,Bolivia,El Beni,Vaca Díez,0,6012517,902686470,150,,,,,,,,,,,,,,,,,,,,,,,
233,Bolivia,El Beni,Vaca Díez,10,4547949,901804653,198,,,,,,,,,,,,,,,,,,,,,,,
234,Bolivia,El Beni,Vaca Díez,15,4525387,900880830,199,,,,,,,,,,,,,,,,,,,,,,,
235,Bolivia,El Beni,Vaca Díez,20,4498817,899695110,200,,,,,,,,,,,,,,,,,,,,,,,
236,Bolivia,El Beni,Vaca Díez,25,4478804,898798317,201,,,,,,,,,,,,,,,,,,,,,,,
237,Bolivia,El Beni,Vaca Díez,30,4461054,897968749,201,6995310.0,11988491.0,-4993181.0,3155413.0,3213609.0,2896945.0,3699483.0,7682307.0,2649215.0,5895193.0,6318999.0,10301797.0,11977078.0,18332665.0,11017061.0,3643701.0,5787702.0,2413960.0,6146395.0,15515555.0,3339069.0,4848531.0,11071528.0
238,Bolivia,El Beni,Vaca Díez,50,4298065,889875594,207,6897840.0,11148091.0,-4250251.0,3134816.0,3179306.0,2882745.0,3646046.0,7584537.0,2628292.0,5864284.0,6278556.0,10226978.0,11848567.0,18190420.0,10906029.0,3566843.0,5640386.0,2386449.0,5970392.0,15068331.0,3303257.0,4748849.0,10901721.0
239,Bolivia,El Beni,Vaca Díez,75,4083460,874856842,214,6623047.0,10020530.0,-3397483.0,3066641.0,3088486.0,2841131.0,3544082.0,7369279.0,2576961.0,5791563.0,6206386.0,10082087.0,11600764.0,17910640.0,10729051.0,3394975.0,5265781.0,2321286.0,5500575.0,13481771.0,3158451.0,4257733.0,10273291.0
240,Bolivia,El Beni,Yacuma,0,4637447,306438161,66,,,,,,,,,,,,,,,,,,,,,,,
241,Bolivia,El Beni,Yacuma,10,1964165,304547935,155,,,,,,,,,,,,,,,,,,,,,,,
242,Bolivia,El Beni,Yacuma,15,1925747,303018890,157,,,,,,,,,,,,,,,,,,,,,,,
243,Bolivia,El Beni,Yacuma,20,1880225,301104364,160,,,,,,,,,,,,,,,,,,,,,,,
244,Bolivia,El Beni,Yacuma,25,1845517,299655636,162,,,,,,,,,,,,,,,,,,,,,,,
245,Bolivia,El Beni,Yacuma,30,1809370,298053888,165,2283831.0,5923133.0,-3639302.0,1605270.0,1110349.0,1237114.0,1983695.0,1488812.0,1917148.0,1121867.0,2300021.0,1411069.0,6985237.0,3950752.0,1319136.0,1117955.0,2280465.0,971078.0,3222640.0,1468300.0,1465583.0,6141010.0,2579126.0
246,Bolivia,El Beni,Yacuma,50,1569760,286551805,183,2222275.0,4715214.0,-2492939.0,1590821.0,1091777.0,1220206.0,1949273.0,1463642.0,1882303.0,1104595.0,2259880.0,1371592.0,6826529.0,3876129.0,1271761.0,1016659.0,2104189.0,946756.0,3119018.0,1435772.0,1435234.0,6052341.0,2427027.0
247,Bolivia,El Beni,Yacuma,75,1281331,262881054,205,2069328.0,3352252.0,-1282923.0,1552564.0,1020838.0,1178693.0,1824947.0,1422241.0,1790344.0,1073062.0,2173370.0,1290399.0,6393687.0,3734140.0,1178121.0,826824.0,1765925.0,894499.0,2913596.0,1337210.0,1344187.0,5719010.0,1952911.0
248,Bolivia,La Paz,Abel Iturralde,0,3997148,772744430,193,,,,,,,,,,,,,,,,,,,,,,,
249,Bolivia,La Paz,Abel Iturralde,10,3352436,772237301,230,,,,,,,,,,,,,,,,,,,,,,,
250,Bolivia,La Paz,Abel Iturralde,15,3345527,771990980,231,,,,,,,,,,,,,,,,,,,,,,,
251,Bolivia,La Paz,Abel Iturralde,20,3328710,771427819,232,,,,,,,,,,,,,,,,,,,,,,,
252,Bolivia,La Paz,Abel Iturralde,25,3315529,771007262,233,,,,,,,,,,,,,,,,,,,,,,,
253,Bolivia,La Paz,Abel Iturralde,30,3308154,770723816,233,3605922.0,7948113.0,-4342191.0,1135245.0,1256158.0,1283747.0,1016918.0,1742926.0,1569685.0,2005901.0,2294449.0,3185523.0,15273400.0,2276221.0,3312316.0,1481092.0,5790833.0,2023999.0,8602621.0,4198313.0,3414141.0,5459190.0,4795771.0
254,Bolivia,La Paz,Abel Iturralde,50,3222652,767563283,238,3574231.0,7513944.0,-3939713.0,1132653.0,1253227.0,1280932.0,1013495.0,1733038.0,1561189.0,1999321.0,2269721.0,3163530.0,15174302.0,2268885.0,3275266.0,1458624.0,5737480.0,2004473.0,8507975.0,4166649.0,3354150.0,5402591.0,4727127.0
255,Bolivia,La Paz,Abel Iturralde,75,3110936,760666280,245,3439967.0,6946263.0,-3506296.0,1122020.0,1241713.0,1271269.0,993987.0,1705933.0,1530625.0,1976797.0,2191918.0,3121062.0,14878547.0,2234330.0,3177112.0,1420006.0,5549055.0,1931772.0,7638088.0,4021777.0,3162413.0,5127756.0,4503159.0
256,Bolivia,La Paz,Aroma,0,467326,12723,0,,,,,,,,,,,,,,,,,,,,,,,
257,Bolivia,La Paz,Aroma,10,15,1715,114,,,,,,,,,,,,,,,,,,,,,,,
258,Bolivia,La Paz,Aroma,15,12,1465,121,,,,,,,,,,,,,,,,,,,,,,,
259,Bolivia,La Paz,Aroma,20,10,1300,127,,,,,,,,,,,,,,,,,,,,,,,
260,Bolivia,La Paz,Aroma,25,10,1273,128,,,,,,,,,,,,,,,,,,,,,,,
261,Bolivia,La Paz,Aroma,30,10,1253,129,51.0,33.0,17.0,26.0,75.0,0.0,201.0,52.0,0.0,0.0,0.0,0.0,0.0,0.0,660.0,0.0,0.0,0.0,0.0,0.0,0.0,0.0,0.0
262,Bolivia,La Paz,Aroma,50,6,866,153,43.0,19.0,24.0,26.0,15.0,0.0,185.0,52.0,0.0,0.0,0.0,0.0,0.0,0.0,586.0,0.0,0.0,0.0,0.0,0.0,0.0,0.0,0.0
263,Bolivia,La Paz,Aroma,75,4,602,167,33.0,13.0,20.0,26.0,0.0,0.0,158.0,52.0,0.0,0.0,0.0,0.0,0.0,0.0,418.0,0.0,0.0,0.0,0.0,0.0,0.0,0.0,0.0
264,Bolivia,La Paz,Bautista Saavedra,0,316249,29304958,93,,,,,,,,,,,,,,,,,,,,,,,
265,Bolivia,La Paz,Bautista Saavedra,10,158549,28374459,179,,,,,,,,,,,,,,,,,,,,,,,
266,Bolivia,La Paz,Bautista Saavedra,15,157282,28244650,180,,,,,,,,,,,,,,,,,,,,,,,
267,Bolivia,La Paz,Bautista Saavedra,20,156610,28170265,180,,,,,,,,,,,,,,,,,,,,,,,
268,Bolivia,La Paz,Bautista Saavedra,25,156179,28121515,180,,,,,,,,,,,,,,,,,,,,,,,
269,Bolivia,La Paz,Bautista Saavedra,30,155708,28066053,180,27426.0,266996.0,-239570.0,13698.0,11678.0,23848.0,8568.0,21411.0,53368.0,12394.0,18434.0,27161.0,26321.0,15899.0,31497.0,75844.0,34435.0,6491.0,19137.0,43625.0,35979.0,31064.0,37660.0
270,Bolivia,La Paz,Bautista Saavedra,50,151045,27507672,182,26979.0,250148.0,-223168.0,13159.0,11243.0,23607.0,8355.0,20878.0,52839.0,12132.0,17873.0,26789.0,26021.0,15539.0,30839.0,75181.0,33907.0,6073.0,18898.0,42851.0,35470.0,30888.0,37045.0
271,Bolivia,La Paz,Bautista Saavedra,75,131855,24441172,185,25434.0,193852.0,-168418.0,11881.0,10648.0,22867.0,7650.0,20097.0,51110.0,11127.0,17016.0,26081.0,25181.0,14766.0,28877.0,70749.0,31629.0,5139.0,17389.0,37219.0,33763.0,29490.0,35992.0
272,Bolivia,La Paz,Eliodoro Camacho,0,267328,569488,2,,,,,,,,,,,,,,,,,,,,,,,
273,Bolivia,La Paz,Eliodoro Camacho,10,2625,368960,141,,,,,,,,,,,,,,,,,,,,,,,
274,Bolivia,La Paz,Eliodoro Camacho,15,2325,338230,145,,,,,,,,,,,,,,,,,,,,,,,
275,Bolivia,La Paz,Eliodoro Camacho,20,2168,320762,148,,,,,,,,,,,,,,,,,,,,,,,
276,Bolivia,La Paz,Eliodoro Camacho,25,2089,312084,149,,,,,,,,,,,,,,,,,,,,,,,
277,Bolivia,La Paz,Eliodoro Camacho,30,2026,304874,150,271.0,7885.0,-7614.0,1168.0,300.0,561.0,182.0,260.0,154.0,295.0,208.0,642.0,599.0,127.0,388.0,68.0,27.0,0.0,0.0,403.0,34.0,0.0,0.0
278,Bolivia,La Paz,Eliodoro Camacho,50,1387,231448,167,231.0,5398.0,-5167.0,1032.0,281.0,485.0,111.0,219.0,130.0,274.0,170.0,544.0,538.0,127.0,345.0,21.0,27.0,0.0,0.0,281.0,34.0,0.0,0.0
279,Bolivia,La Paz,Eliodoro Camacho,75,417,77684,186,154.0,1617.0,-1463.0,780.0,211.0,245.0,84.0,185.0,67.0,143.0,96.0,390.0,361.0,65.0,345.0,0.0,0.0,0.0,0.0,66.0,34.0,0.0,0.0
280,Bolivia,La Paz,Franz Tamayo,0,1677806,297643128,177,,,,,,,,,,,,,,,,,,,,,,,
281,Bolivia,La Paz,Franz Tamayo,10,1405648,296217911,211,,,,,,,,,,,,,,,,,,,,,,,
282,Bolivia,La Paz,Franz Tamayo,15,1400581,295780448,211,,,,,,,,,,,,,,,,,,,,,,,
283,Bolivia,La Paz,Franz Tamayo,20,1397035,295457457,211,,,,,,,,,,,,,,,,,,,,,,,
284,Bolivia,La Paz,Franz Tamayo,25,1394836,295250931,212,,,,,,,,,,,,,,,,,,,,,,,
285,Bolivia,La Paz,Franz Tamayo,30,1392277,295006992,212,693911.0,2433531.0,-1739620.0,207504.0,304465.0,232096.0,144864.0,462688.0,559067.0,345099.0,256639.0,694121.0,761645.0,514870.0,640476.0,428889.0,1485308.0,519334.0,1246147.0,1187846.0,591722.0,1496230.0,1799213.0
286,Bolivia,La Paz,Franz Tamayo,50,1365140,292349556,214,684211.0,2326362.0,-1642151.0,206145.0,303441.0,230844.0,142716.0,459332.0,556648.0,343483.0,255366.0,687021.0,757443.0,513117.0,637445.0,418848.0,1470651.0,514160.0,1208627.0,1167894.0,582617.0,1476481.0,1751948.0
287,Bolivia,La Paz,Franz Tamayo,75,1320071,286347598,217,653883.0,2170688.0,-1516806.0,201610.0,298544.0,226641.0,137982.0,443080.0,545708.0,338097.0,251572.0,667561.0,743475.0,506438.0,627360.0,397866.0,1418116.0,494881.0,1089496.0,1096838.0,555661.0,1400563.0,1636164.0
288,Bolivia,La Paz,Gualberto Villarroel,0,196541,1067,0,,,,,,,,,,,,,,,,,,,,,,,
289,Bolivia,La Paz,Gualberto Villarroel,10,0,0,0,,,,,,,,,,,,,,,,,,,,,,,
290,Bolivia,La Paz,Gualberto Villarroel,15,0,0,0,,,,,,,,,,,,,,,,,,,,,,,
291,Bolivia,La Paz,Gualberto Villarroel,20,0,0,0,,,,,,,,,,,,,,,,,,,,,,,
292,Bolivia,La Paz,Gualberto Villarroel,25,0,0,0,,,,,,,,,,,,,,,,,,,,,,,
293,Bolivia,La Paz,Gualberto Villarroel,30,0,0,0,0.0,0.0,0.0,0.0,0.0,0.0,0.0,0.0,0.0,0.0,0.0,0.0,0.0,0.0,0.0,0.0,0.0,0.0,0.0,0.0,0.0,0.0,0.0
294,Bolivia,La Paz,Gualberto Villarroel,50,0,0,0,0.0,0.0,0.0,0.0,0.0,0.0,0.0,0.0,0.0,0.0,0.0,0.0,0.0,0.0,0.0,0.0,0.0,0.0,0.0,0.0,0.0,0.0,0.0
295,Bolivia,La Paz,Gualberto Villarroel,75,0,0,0,0.0,0.0,0.0,0.0,0.0,0.0,0.0,0.0,0.0,0.0,0.0,0.0,0.0,0.0,0.0,0.0,0.0,0.0,0.0,0.0,0.0,0.0,0.0
296,Bolivia,La Paz,Ingavi,0,450778,446797,1,,,,,,,,,,,,,,,,,,,,,,,
297,Bolivia,La Paz,Ingavi,10,1764,182128,103,,,,,,,,,,,,,,,,,,,,,,,
298,Bolivia,La Paz,Ingavi,15,1741,180388,104,,,,,,,,,,,,,,,,,,,,,,,
299,Bolivia,La Paz,Ingavi,20,1717,178398,104,,,,,,,,,,,,,,,,,,,,,,,
300,Bolivia,La Paz,Ingavi,25,1706,177456,104,,,,,,,,,,,,,,,,,,,,,,,
301,Bolivia,La Paz,Ingavi,30,1699,176895,104,177.0,6650.0,-6473.0,26.0,17.0,33.0,220.0,117.0,115.0,450.0,166.0,1897.0,174.0,105.0,224.0,0.0,0.0,0.0,0.0,0.0,0.0,0.0,0.0
302,Bolivia,La Paz,Ingavi,50,810,99812,123,146.0,3179.0,-3033.0,26.0,0.0,0.0,204.0,117.0,57.0,376.0,149.0,1690.0,156.0,65.0,79.0,0.0,0.0,0.0,0.0,0.0,0.0,0.0,0.0
303,Bolivia,La Paz,Ingavi,75,177,28155,160,79.0,712.0,-632.0,26.0,0.0,0.0,116.0,117.0,57.0,214.0,127.0,805.0,61.0,65.0,0.0,0.0,0.0,0.0,0.0,0.0,0.0,0.0,0.0
304,Bolivia,La Paz,Inquisivi,0,716399,50867071,71,,,,,,,,,,,,,,,,,,,,,,,
305,Bolivia,La Paz,Inquisivi,10,293065,49462698,169,,,,,,,,,,,,,,,,,,,,,,,
306,Bolivia,La Paz,Inquisivi,15,285685,48773032,171,,,,,,,,,,,,,,,,,,,,,,,
307,Bolivia,La Paz,Inquisivi,20,281093,48331812,172,,,,,,,,,,,,,,,,,,,,,,,
308,Bolivia,La Paz,Inquisivi,25,277368,47979458,173,,,,,,,,,,,,,,,,,,,,,,,
309,Bolivia,La Paz,Inquisivi,30,273976,47637050,174,113306.0,674018.0,-560712.0,34041.0,47308.0,72172.0,43550.0,63457.0,139365.0,78902.0,54365.0,121785.0,107671.0,94144.0,131461.0,59273.0,118367.0,124018.0,202727.0,303154.0,130802.0,164339.0,175228.0
310,Bolivia,La Paz,Inquisivi,50,249053,45031271,181,111017.0,577504.0,-466487.0,33505.0,46582.0,68423.0,41677.0,61528.0,137955.0,78361.0,53334.0,120525.0,106904.0,93559.0,129831.0,57766.0,116030.0,122097.0,193406.0,297787.0,127492.0,160201.0,173382.0
311,Bolivia,La Paz,Inquisivi,75,197500,37295639,189,102956.0,395091.0,-292136.0,32187.0,44503.0,61352.0,37761.0,57716.0,132823.0,76651.0,50788.0,117007.0,104273.0,91640.0,124614.0,51953.0,105821.0,116483.0,162547.0,268541.0,114362.0,143838.0,164252.0
312,Bolivia,La Paz,Larecaja,0,1004337,144193752,144,,,,,,,,,,,,,,,,,,,,,,,
313,Bolivia,La Paz,Larecaja,10,754425,142804565,189,,,,,,,,,,,,,,,,,,,,,,,
314,Bolivia,La Paz,Larecaja,15,749352,142345596,190,,,,,,,,,,,,,,,,,,,,,,,
315,Bolivia,La Paz,Larecaja,20,745555,141984229,190,,,,,,,,,,,,,,,,,,,,,,,
316,Bolivia,La Paz,Larecaja,25,742625,141700211,191,,,,,,,,,,,,,,,,,,,,,,,
317,Bolivia,La Paz,Larecaja,30,740569,141496879,191,796631.0,1354968.0,-558336.0,412286.0,843827.0,699711.0,631068.0,538350.0,547183.0,618118.0,669670.0,754470.0,945051.0,438853.0,679496.0,518708.0,1060522.0,438231.0,870929.0,1459381.0,1065867.0,1280379.0,1460528.0
318,Bolivia,La Paz,Larecaja,50,724060,139791327,193,787108.0,1291487.0,-504379.0,410906.0,839869.0,695992.0,629613.0,535563.0,545685.0,616845.0,667712.0,751259.0,943121.0,436605.0,676660.0,507274.0,1041402.0,428365.0,846943.0,1437337.0,1044219.0,1255511.0,1431274.0
319,Bolivia,La Paz,Larecaja,75,685388,134372044,196,757695.0,1163539.0,-405844.0,403991.0,820294.0,680924.0,618820.0,523624.0,538558.0,610468.0,660611.0,738299.0,935836.0,429155.0,665153.0,478741.0,976215.0,405033.0,777038.0,1359462.0,982120.0,1191286.0,1358263.0
320,Bolivia,La Paz,Loayza,0,288071,1063586,4,,,,,,,,,,,,,,,,,,,,,,,
321,Bolivia,La Paz,Loayza,10,5977,724466,121,,,,,,,,,,,,,,,,,,,,,,,
322,Bolivia,La Paz,Loayza,15,5228,657717,126,,,,,,,,,,,,,,,,,,,,,,,
323,Bolivia,La Paz,Loayza,20,4650,604145,130,,,,,,,,,,,,,,,,,,,,,,,
324,Bolivia,La Paz,Loayza,25,4084,550761,135,,,,,,,,,,,,,,,,,,,,,,,
325,Bolivia,La Paz,Loayza,30,3804,523286,138,265.0,14829.0,-14564.0,363.0,545.0,145.0,185.0,384.0,524.0,183.0,98.0,0.0,1022.0,95.0,1569.0,128.0,61.0,0.0,0.0,0.0,0.0,0.0,0.0
326,Bolivia,La Paz,Loayza,50,2393,372812,156,237.0,9318.0,-9082.0,363.0,545.0,83.0,123.0,281.0,410.0,140.0,55.0,0.0,1004.0,95.0,1468.0,108.0,61.0,0.0,0.0,0.0,0.0,0.0,0.0
327,Bolivia,La Paz,Loayza,75,1051,183836,175,154.0,4088.0,-3935.0,180.0,327.0,55.0,66.0,178.0,410.0,117.0,55.0,0.0,709.0,0.0,911.0,31.0,34.0,0.0,0.0,0.0,0.0,0.0,0.0
328,Bolivia,La Paz,Los Andes,0,209867,206005,1,,,,,,,,,,,,,,,,,,,,,,,
329,Bolivia,La Paz,Los Andes,10,214,24000,112,,,,,,,,,,,,,,,,,,,,,,,
330,Bolivia,La Paz,Los Andes,15,200,22810,114,,,,,,,,,,,,,,,,,,,,,,,
331,Bolivia,La Paz,Los Andes,20,193,22135,115,,,,,,,,,,,,,,,,,,,,,,,
332,Bolivia,La Paz,Los Andes,25,184,21226,116,,,,,,,,,,,,,,,,,,,,,,,
333,Bolivia,La Paz,Los Andes,30,180,20856,116,297.0,681.0,-384.0,416.0,0.0,1455.0,149.0,534.0,350.0,87.0,623.0,989.0,326.0,491.0,513.0,0.0,0.0,0.0,0.0,0.0,0.0,0.0,0.0
334,Bolivia,La Paz,Los Andes,50,83,12044,144,246.0,314.0,-69.0,401.0,0.0,1246.0,98.0,385.0,350.0,68.0,511.0,849.0,213.0,315.0,476.0,0.0,0.0,0.0,0.0,0.0,0.0,0.0,0.0
335,Bolivia,La Paz,Los Andes,75,28,5058,179,162.0,111.0,51.0,277.0,0.0,720.0,26.0,276.0,258.0,0.0,391.0,573.0,182.0,186.0,360.0,0.0,0.0,0.0,0.0,0.0,0.0,0.0,0.0
336,Bolivia,La Paz,Manco Kapac,0,74873,100439,1,,,,,,,,,,,,,,,,,,,,,,,
337,Bolivia,La Paz,Manco Kapac,10,130,17722,136,,,,,,,,,,,,,,,,,,,,,,,
338,Bolivia,La Paz,Manco Kapac,15,126,17320,137,,,,,,,,,,,,,,,,,,,,,,,
339,Bolivia,La Paz,Manco Kapac,20,124,17058,138,,,,,,,,,,,,,,,,,,,,,,,
340,Bolivia,La Paz,Manco Kapac,25,121,16758,138,,,,,,,,,,,,,,,,,,,,,,,
341,Bolivia,La Paz,Manco Kapac,30,121,16678,138,273.0,428.0,-155.0,147.0,393.0,126.0,238.0,52.0,81.0,715.0,357.0,55.0,1503.0,355.0,378.0,65.0,997.0,0.0,0.0,0.0,0.0,0.0,0.0
342,Bolivia,La Paz,Manco Kapac,50,74,11564,156,253.0,251.0,1.0,147.0,393.0,59.0,238.0,31.0,60.0,697.0,357.0,55.0,1467.0,355.0,378.0,65.0,755.0,0.0,0.0,0.0,0.0,0.0,0.0
343,Bolivia,La Paz,Manco Kapac,75,30,5464,180,214.0,96.0,118.0,124.0,393.0,59.0,211.0,31.0,60.0,589.0,331.0,0.0,1348.0,326.0,355.0,65.0,396.0,0.0,0.0,0.0,0.0,0.0,0.0
344,Bolivia,La Paz,Muñecas,0,174164,8675083,50,,,,,,,,,,,,,,,,,,,,,,,
345,Bolivia,La Paz,Muñecas,10,51573,8183515,159,,,,,,,,,,,,,,,,,,,,,,,
346,Bolivia,La Paz,Muñecas,15,49464,7974673,161,,,,,,,,,,,,,,,,,,,,,,,
347,Bolivia,La Paz,Muñecas,20,48235,7844207,163,,,,,,,,,,,,,,,,,,,,,,,
348,Bolivia,La Paz,Muñecas,25,47401,7757451,164,,,,,,,,,,,,,,,,,,,,,,,
349,Bolivia,La Paz,Muñecas,30,46682,7681042,165,13812.0,125434.0,-111622.0,6221.0,6451.0,9982.0,6168.0,11893.0,35237.0,22687.0,9027.0,20132.0,20018.0,5887.0,22663.0,4756.0,9619.0,5462.0,5115.0,13775.0,30718.0,15694.0,14742.0
350,Bolivia,La Paz,Muñecas,50,41194,7068458,172,13627.0,104275.0,-90648.0,6163.0,6287.0,9744.0,6032.0,11700.0,35084.0,22359.0,8847.0,19801.0,19796.0,5832.0,22345.0,4557.0,9289.0,5392.0,5047.0,13555.0,30622.0,15448.0,14630.0
351,Bolivia,La Paz,Muñecas,75,30708,5475071,178,12797.0,66497.0,-53700.0,5777.0,5716.0,9212.0,5590.0,11095.0,34422.0,21995.0,8038.0,17729.0,19292.0,5424.0,20568.0,4044.0,7996.0,5032.0,4845.0,11459.0,29965.0,14153.0,13584.0
352,Bolivia,La Paz,Nor Yungas,0,412921,72383203,175,,,,,,,,,,,,,,,,,,,,,,,
353,Bolivia,La Paz,Nor Yungas,10,394211,72262282,183,,,,,,,,,,,,,,,,,,,,,,,
354,Bolivia,La Paz,Nor Yungas,15,392684,72136776,184,,,,,,,,,,,,,,,,,,,,,,,
355,Bolivia,La Paz,Nor Yungas,20,391492,72032574,184,,,,,,,,,,,,,,,,,,,,,,,
356,Bolivia,La Paz,Nor Yungas,25,390592,71949862,184,,,,,,,,,,,,,,,,,,,,,,,
357,Bolivia,La Paz,Nor Yungas,30,389673,71865929,184,760946.0,784188.0,-23242.0,467676.0,781045.0,760049.0,697745.0,829585.0,594140.0,644264.0,349783.0,477301.0,810364.0,554729.0,496667.0,478335.0,816794.0,468641.0,832603.0,1181029.0,1067044.0,1296514.0,1614604.0
358,Bolivia,La Paz,Nor Yungas,50,381727,71102230,186,754586.0,751876.0,2711.0,467287.0,780436.0,758374.0,697190.0,826929.0,593545.0,643710.0,349315.0,476009.0,809474.0,553461.0,495307.0,473467.0,807210.0,460450.0,820022.0,1164755.0,1050141.0,1275798.0,1588846.0
359,Bolivia,La Paz,Nor Yungas,75,361869,68413527,189,732177.0,685372.0,46804.0,464848.0,776408.0,750810.0,693373.0,814035.0,589997.0,639609.0,346480.0,470687.0,802501.0,547514.0,489020.0,455854.0,774000.0,437312.0,773205.0,1111758.0,993287.0,1209677.0,1503156.0
360,Bolivia,La Paz,Omasuyos,0,318509,459694,1,,,,,,,,,,,,,,,,,,,,,,,
361,Bolivia,La Paz,Omasuyos,10,1358,160843,118,,,,,,,,,,,,,,,,,,,,,,,
362,Bolivia,La Paz,Omasuyos,15,1252,150801,120,,,,,,,,,,,,,,,,,,,,,,,
363,Bolivia,La Paz,Omasuyos,20,1180,143555,122,,,,,,,,,,,,,,,,,,,,,,,
364,Bolivia,La Paz,Omasuyos,25,1109,136304,123,,,,,,,,,,,,,,,,,,,,,,,
365,Bolivia,La Paz,Omasuyos,30,1076,132909,124,1481.0,4001.0,-2520.0,2831.0,1130.0,7258.0,2600.0,1451.0,1717.0,1607.0,629.0,3347.0,3373.0,1294.0,2201.0,24.0,51.0,0.0,0.0,0.0,0.0,110.0,0.0
366,Bolivia,La Paz,Omasuyos,50,669,92482,138,1298.0,2455.0,-1157.0,2542.0,865.0,6469.0,2336.0,1135.0,1481.0,1366.0,534.0,2888.0,3063.0,1166.0,2014.0,24.0,27.0,0.0,0.0,0.0,0.0,59.0,0.0
367,Bolivia,La Paz,Omasuyos,75,190,32446,171,776.0,673.0,103.0,1549.0,669.0,3806.0,1573.0,488.0,719.0,867.0,171.0,1568.0,1962.0,818.0,1295.0,0.0,0.0,0.0,0.0,0.0,0.0,33.0,0.0
368,Bolivia,La Paz,Pacajes,0,1302312,25507,0,,,,,,,,,,,,,,,,,,,,,,,
369,Bolivia,La Paz,Pacajes,10,18,1782,98,,,,,,,,,,,,,,,,,,,,,,,
370,Bolivia,La Paz,Pacajes,15,18,1737,98,,,,,,,,,,,,,,,,,,,,,,,
371,Bolivia,La Paz,Pacajes,20,17,1667,98,,,,,,,,,,,,,,,,,,,,,,,
372,Bolivia,La Paz,Pacajes,25,17,1642,98,,,,,,,,,,,,,,,,,,,,,,,
373,Bolivia,La Paz,Pacajes,30,17,1642,98,7.0,71.0,-64.0,30.0,0.0,30.0,81.0,0.0,0.0,0.0,0.0,0.0,0.0,0.0,0.0,0.0,0.0,0.0,0.0,0.0,0.0,0.0,0.0
374,Bolivia,La Paz,Pacajes,50,2,242,137,6.0,12.0,-6.0,30.0,0.0,30.0,65.0,0.0,0.0,0.0,0.0,0.0,0.0,0.0,0.0,0.0,0.0,0.0,0.0,0.0,0.0,0.0,0.0
375,Bolivia,La Paz,Pacajes,75,1,89,173,6.0,7.0,-1.0,30.0,0.0,30.0,65.0,0.0,0.0,0.0,0.0,0.0,0.0,0.0,0.0,0.0,0.0,0.0,0.0,0.0,0.0,0.0,0.0
376,Bolivia,La Paz,Pedro Domingo Murillo,0,383675,17381589,45,,,,,,,,,,,,,,,,,,,,,,,
377,Bolivia,La Paz,Pedro Domingo Murillo,10,94133,16500980,175,,,,,,,,,,,,,,,,,,,,,,,
378,Bolivia,La Paz,Pedro Domingo Murillo,15,93160,16410232,176,,,,,,,,,,,,,,,,,,,,,,,
379,Bolivia,La Paz,Pedro Domingo Murillo,20,92620,16356977,177,,,,,,,,,,,,,,,,,,,,,,,
380,Bolivia,La Paz,Pedro Domingo Murillo,25,92168,16311633,177,,,,,,,,,,,,,,,,,,,,,,,
381,Bolivia,La Paz,Pedro Domingo Murillo,30,91866,16280849,177,24607.0,143323.0,-118716.0,4994.0,7098.0,14904.0,10628.0,29190.0,25720.0,18302.0,7766.0,31487.0,31448.0,20478.0,18209.0,6776.0,16612.0,17514.0,19865.0,75194.0,47943.0,49627.0,38380.0
382,Bolivia,La Paz,Pedro Domingo Murillo,50,89419,16022455,179,24422.0,134096.0,-109674.0,4906.0,7020.0,14775.0,10554.0,28837.0,25618.0,18236.0,7747.0,31446.0,31426.0,20306.0,17869.0,6724.0,16345.0,17389.0,19497.0,74688.0,47714.0,49463.0,37886.0
383,Bolivia,La Paz,Pedro Domingo Murillo,75,83407,15198820,182,23742.0,115229.0,-91487.0,4828.0,6771.0,14387.0,9961.0,28103.0,25083.0,17964.0,7678.0,30804.0,31249.0,19816.0,17300.0,6529.0,15548.0,16940.0,18533.0,71358.0,46817.0,48206.0,36968.0
384,Bolivia,La Paz,Sud Yungas,0,853060,156972108,184,,,,,,,,,,,,,,,,,,,,,,,
385,Bolivia,La Paz,Sud Yungas,10,754856,156300169,207,,,,,,,,,,,,,,,,,,,,,,,
386,Bolivia,La Paz,Sud Yungas,15,751035,155969369,208,,,,,,,,,,,,,,,,,,,,,,,
387,Bolivia,La Paz,Sud Yungas,20,748327,155725280,208,,,,,,,,,,,,,,,,,,,,,,,
388,Bolivia,La Paz,Sud Yungas,25,746294,155538742,208,,,,,,,,,,,,,,,,,,,,,,,
389,Bolivia,La Paz,Sud Yungas,30,744319,155357811,209,1608667.0,1301934.0,306733.0,906728.0,1339356.0,753888.0,1502417.0,960742.0,1466934.0,1644623.0,879495.0,1524884.0,2213088.0,1189440.0,1606957.0,1273792.0,2153636.0,1184731.0,2149338.0,2461580.0,1618253.0,2326465.0,3016997.0
390,Bolivia,La Paz,Sud Yungas,50,726213,153607245,212,1602366.0,1230080.0,372285.0,905822.0,1337808.0,751828.0,1501350.0,957887.0,1465129.0,1643656.0,877141.0,1521762.0,2211745.0,1188045.0,1605021.0,1269937.0,2144438.0,1178408.0,2130682.0,2439966.0,1609120.0,2311954.0,2995615.0
391,Bolivia,La Paz,Sud Yungas,75,691125,148919410,215,1581512.0,1105541.0,475971.0,902136.0,1333044.0,745572.0,1497099.0,946382.0,1458529.0,1638020.0,871023.0,1513674.0,2206046.0,1183189.0,1598448.0,1259332.0,2108669.0,1151338.0,2074071.0,2373106.0,1576793.0,2263468.0,2930311.0
392,Bolivia,Oruro,Atahuallpa,0,724817,433943,1,,,,,,,,,,,,,,,,,,,,,,,
393,Bolivia,Oruro,Atahuallpa,10,1,125,115,,,,,,,,,,,,,,,,,,,,,,,
394,Bolivia,Oruro,Atahuallpa,15,1,125,115,,,,,,,,,,,,,,,,,,,,,,,
395,Bolivia,Oruro,Atahuallpa,20,1,125,115,,,,,,,,,,,,,,,,,,,,,,,
396,Bolivia,Oruro,Atahuallpa,25,1,125,115,,,,,,,,,,,,,,,,,,,,,,,
397,Bolivia,Oruro,Atahuallpa,30,1,125,115,0.0,7.0,-7.0,0.0,0.0,0.0,0.0,0.0,0.0,0.0,0.0,0.0,0.0,0.0,0.0,0.0,0.0,0.0,0.0,0.0,0.0,0.0,0.0
398,Bolivia,Oruro,Atahuallpa,50,0,0,0,0.0,3.0,-3.0,0.0,0.0,0.0,0.0,0.0,0.0,0.0,0.0,0.0,0.0,0.0,0.0,0.0,0.0,0.0,0.0,0.0,0.0,0.0,0.0
399,Bolivia,Oruro,Atahuallpa,75,0,0,0,0.0,3.0,-3.0,0.0,0.0,0.0,0.0,0.0,0.0,0.0,0.0,0.0,0.0,0.0,0.0,0.0,0.0,0.0,0.0,0.0,0.0,0.0,0.0
400,Bolivia,Oruro,Carangas,0,890578,110217,0,,,,,,,,,,,,,,,,,,,,,,,
401,Bolivia,Oruro,Carangas,10,5,487,91,,,,,,,,,,,,,,,,,,,,,,,
402,Bolivia,Oruro,Carangas,15,5,474,91,,,,,,,,,,,,,,,,,,,,,,,
403,Bolivia,Oruro,Carangas,20,4,385,94,,,,,,,,,,,,,,,,,,,,,,,
404,Bolivia,Oruro,Carangas,25,4,385,94,,,,,,,,,,,,,,,,,,,,,,,
405,Bolivia,Oruro,Carangas,30,4,385,94,0.0,16.0,-16.0,0.0,0.0,0.0,0.0,0.0,0.0,0.0,0.0,0.0,0.0,0.0,0.0,0.0,0.0,0.0,0.0,0.0,0.0,0.0,0.0
406,Bolivia,Oruro,Carangas,50,1,78,119,0.0,3.0,-3.0,0.0,0.0,0.0,0.0,0.0,0.0,0.0,0.0,0.0,0.0,0.0,0.0,0.0,0.0,0.0,0.0,0.0,0.0,0.0,0.0
407,Bolivia,Oruro,Carangas,75,0,12,166,0.0,0.0,0.0,0.0,0.0,0.0,0.0,0.0,0.0,0.0,0.0,0.0,0.0,0.0,0.0,0.0,0.0,0.0,0.0,0.0,0.0,0.0,0.0
408,Bolivia,Oruro,Cercado,0,552656,34617,0,,,,,,,,,,,,,,,,,,,,,,,
409,Bolivia,Oruro,Cercado,10,103,10341,101,,,,,,,,,,,,,,,,,,,,,,,
410,Bolivia,Oruro,Cercado,15,102,10309,101,,,,,,,,,,,,,,,,,,,,,,,
411,Bolivia,Oruro,Cercado,20,102,10269,101,,,,,,,,,,,,,,,,,,,,,,,
412,Bolivia,Oruro,Cercado,25,99,10084,102,,,,,,,,,,,,,,,,,,,,,,,
413,Bolivia,Oruro,Cercado,30,97,9930,102,1.0,382.0,-381.0,25.0,0.0,0.0,0.0,0.0,0.0,0.0,0.0,0.0,0.0,0.0,0.0,0.0,0.0,0.0,0.0,0.0,0.0,0.0,0.0
414,Bolivia,Oruro,Cercado,50,58,6933,120,1.0,228.0,-227.0,25.0,0.0,0.0,0.0,0.0,0.0,0.0,0.0,0.0,0.0,0.0,0.0,0.0,0.0,0.0,0.0,0.0,0.0,0.0,0.0
415,Bolivia,Oruro,Cercado,75,17,2655,154,0.0,70.0,-70.0,0.0,0.0,0.0,0.0,0.0,0.0,0.0,0.0,0.0,0.0,0.0,0.0,0.0,0.0,0.0,0.0,0.0,0.0,0.0,0.0
416,Bolivia,Oruro,Eduardo Avaroa,0,630373,185890,0,,,,,,,,,,,,,,,,,,,,,,,
417,Bolivia,Oruro,Eduardo Avaroa,10,2,168,110,,,,,,,,,,,,,,,,,,,,,,,
418,Bolivia,Oruro,Eduardo Avaroa,15,1,157,114,,,,,,,,,,,,,,,,,,,,,,,
419,Bolivia,Oruro,Eduardo Avaroa,20,1,157,114,,,,,,,,,,,,,,,,,,,,,,,
420,Bolivia,Oruro,Eduardo Avaroa,25,1,157,114,,,,,,,,,,,,,,,,,,,,,,,
421,Bolivia,Oruro,Eduardo Avaroa,30,1,157,114,3.0,6.0,-3.0,0.0,0.0,0.0,0.0,0.0,0.0,0.0,0.0,0.0,54.0,0.0,0.0,0.0,0.0,0.0,0.0,0.0,0.0,0.0,0.0
422,Bolivia,Oruro,Eduardo Avaroa,50,0,48,164,3.0,2.0,1.0,0.0,0.0,0.0,0.0,0.0,0.0,0.0,0.0,0.0,54.0,0.0,0.0,0.0,0.0,0.0,0.0,0.0,0.0,0.0,0.0
423,Bolivia,Oruro,Eduardo Avaroa,75,0,48,164,3.0,2.0,1.0,0.0,0.0,0.0,0.0,0.0,0.0,0.0,0.0,0.0,54.0,0.0,0.0,0.0,0.0,0.0,0.0,0.0,0.0,0.0,0.0
424,Bolivia,Oruro,Ladislao Cabrera,0,674244,110678,0,,,,,,,,,,,,,,,,,,,,,,,
425,Bolivia,Oruro,Ladislao Cabrera,10,10,987,95,,,,,,,,,,,,,,,,,,,,,,,
426,Bolivia,Oruro,Ladislao Cabrera,15,10,974,95,,,,,,,,,,,,,,,,,,,,,,,
427,Bolivia,Oruro,Ladislao Cabrera,20,10,964,95,,,,,,,,,,,,,,,,,,,,,,,
428,Bolivia,Oruro,Ladislao Cabrera,25,10,964,95,,,,,,,,,,,,,,,,,,,,,,,
429,Bolivia,Oruro,Ladislao Cabrera,30,10,964,95,0.0,40.0,-40.0,0.0,0.0,0.0,0.0,0.0,0.0,0.0,0.0,0.0,0.0,0.0,0.0,0.0,0.0,0.0,0.0,0.0,0.0,0.0,0.0
430,Bolivia,Oruro,Ladislao Cabrera,50,2,179,117,0.0,6.0,-6.0,0.0,0.0,0.0,0.0,0.0,0.0,0.0,0.0,0.0,0.0,0.0,0.0,0.0,0.0,0.0,0.0,0.0,0.0,0.0,0.0
431,Bolivia,Oruro,Ladislao Cabrera,75,0,20,134,0.0,1.0,-1.0,0.0,0.0,0.0,0.0,0.0,0.0,0.0,0.0,0.0,0.0,0.0,0.0,0.0,0.0,0.0,0.0,0.0,0.0,0.0,0.0
432,Bolivia,Oruro,Litoral,0,186973,1507,0,,,,,,,,,,,,,,,,,,,,,,,
433,Bolivia,Oruro,Litoral,10,0,0,0,,,,,,,,,,,,,,,,,,,,,,,
434,Bolivia,Oruro,Litoral,15,0,0,0,,,,,,,,,,,,,,,,,,,,,,,
435,Bolivia,Oruro,Litoral,20,0,0,0,,,,,,,,,,,,,,,,,,,,,,,
436,Bolivia,Oruro,Litoral,25,0,0,0,,,,,,,,,,,,,,,,,,,,,,,
437,Bolivia,Oruro,Litoral,30,0,0,0,0.0,0.0,0.0,0.0,0.0,0.0,0.0,0.0,0.0,0.0,0.0,0.0,0.0,0.0,0.0,0.0,0.0,0.0,0.0,0.0,0.0,0.0,0.0
438,Bolivia,Oruro,Litoral,50,0,0,0,0.0,0.0,0.0,0.0,0.0,0.0,0.0,0.0,0.0,0.0,0.0,0.0,0.0,0.0,0.0,0.0,0.0,0.0,0.0,0.0,0.0,0.0,0.0
439,Bolivia,Oruro,Litoral,75,0,0,0,0.0,0.0,0.0,0.0,0.0,0.0,0.0,0.0,0.0,0.0,0.0,0.0,0.0,0.0,0.0,0.0,0.0,0.0,0.0,0.0,0.0,0.0,0.0
440,Bolivia,Oruro,Pantaleón Dalence,0,97415,19531,0,,,,,,,,,,,,,,,,,,,,,,,
441,Bolivia,Oruro,Pantaleón Dalence,10,74,6634,90,,,,,,,,,,,,,,,,,,,,,,,
442,Bolivia,Oruro,Pantaleón Dalence,15,73,6593,90,,,,,,,,,,,,,,,,,,,,,,,
443,Bolivia,Oruro,Pantaleón Dalence,20,71,6435,91,,,,,,,,,,,,,,,,,,,,,,,
444,Bolivia,Oruro,Pantaleón Dalence,25,68,6236,92,,,,,,,,,,,,,,,,,,,,,,,
445,Bolivia,Oruro,Pantaleón Dalence,30,68,6220,92,3.0,267.0,-264.0,0.0,0.0,0.0,0.0,0.0,50.0,18.0,0.0,0.0,0.0,0.0,0.0,0.0,0.0,0.0,0.0,0.0,0.0,0.0,0.0
446,Bolivia,Oruro,Pantaleón Dalence,50,30,3283,111,0.0,118.0,-118.0,0.0,0.0,0.0,0.0,0.0,0.0,0.0,0.0,0.0,0.0,0.0,0.0,0.0,0.0,0.0,0.0,0.0,0.0,0.0,0.0
447,Bolivia,Oruro,Pantaleón Dalence,75,5,659,145,0.0,20.0,-20.0,0.0,0.0,0.0,0.0,0.0,0.0,0.0,0.0,0.0,0.0,0.0,0.0,0.0,0.0,0.0,0.0,0.0,0.0,0.0,0.0
448,Bolivia,Oruro,Poopó,0,204691,36316,0,,,,,,,,,,,,,,,,,,,,,,,
449,Bolivia,Oruro,Poopó,10,3,229,78,,,,,,,,,,,,,,,,,,,,,,,
450,Bolivia,Oruro,Poopó,15,3,229,78,,,,,,,,,,,,,,,,,,,,,,,
451,Bolivia,Oruro,Poopó,20,3,223,78,,,,,,,,,,,,,,,,,,,,,,,
452,Bolivia,Oruro,Poopó,25,3,212,78,,,,,,,,,,,,,,,,,,,,,,,
453,Bolivia,Oruro,Poopó,30,3,212,78,0.0,11.0,-11.0,0.0,0.0,0.0,0.0,0.0,0.0,0.0,0.0,0.0,0.0,0.0,0.0,0.0,0.0,0.0,0.0,0.0,0.0,0.0,0.0
454,Bolivia,Oruro,Poopó,50,0,0,0,0.0,1.0,-1.0,0.0,0.0,0.0,0.0,0.0,0.0,0.0,0.0,0.0,0.0,0.0,0.0,0.0,0.0,0.0,0.0,0.0,0.0,0.0,0.0
455,Bolivia,Oruro,Poopó,75,0,0,0,0.0,1.0,-1.0,0.0,0.0,0.0,0.0,0.0,0.0,0.0,0.0,0.0,0.0,0.0,0.0,0.0,0.0,0.0,0.0,0.0,0.0,0.0,0.0
456,Bolivia,Oruro,Sajama,0,906771,43312,0,,,,,,,,,,,,,,,,,,,,,,,
457,Bolivia,Oruro,Sajama,10,12,1488,129,,,,,,,,,,,,,,,,,,,,,,,
458,Bolivia,Oruro,Sajama,15,11,1449,130,,,,,,,,,,,,,,,,,,,,,,,
459,Bolivia,Oruro,Sajama,20,11,1415,131,,,,,,,,,,,,,,,,,,,,,,,
460,Bolivia,Oruro,Sajama,25,11,1408,132,,,,,,,,,,,,,,,,,,,,,,,
461,Bolivia,Oruro,Sajama,30,11,1408,132,29.0,42.0,-13.0,43.0,160.0,0.0,213.0,0.0,0.0,0.0,0.0,0.0,45.0,116.0,0.0,0.0,0.0,0.0,0.0,0.0,0.0,0.0,0.0
462,Bolivia,Oruro,Sajama,50,7,991,147,28.0,27.0,1.0,43.0,160.0,0.0,194.0,0.0,0.0,0.0,0.0,0.0,45.0,116.0,0.0,0.0,0.0,0.0,0.0,0.0,0.0,0.0,0.0
463,Bolivia,Oruro,Sajama,75,2,364,199,22.0,9.0,13.0,43.0,139.0,0.0,140.0,0.0,0.0,0.0,0.0,0.0,0.0,116.0,0.0,0.0,0.0,0.0,0.0,0.0,0.0,0.0,0.0
464,Bolivia,Oruro,Saucarí,0,298972,19688,0,,,,,,,,,,,,,,,,,,,,,,,
465,Bolivia,Oruro,Saucarí,10,48,3753,79,,,,,,,,,,,,,,,,,,,,,,,
466,Bolivia,Oruro,Saucarí,15,48,3753,79,,,,,,,,,,,,,,,,,,,,,,,
467,Bolivia,Oruro,Saucarí,20,47,3730,79,,,,,,,,,,,,,,,,,,,,,,,
468,Bolivia,Oruro,Saucarí,25,47,3730,79,,,,,,,,,,,,,,,,,,,,,,,
469,Bolivia,Oruro,Saucarí,30,47,3724,79,4.0,185.0,-181.0,0.0,0.0,0.0,0.0,0.0,0.0,0.0,0.0,70.0,0.0,0.0,0.0,0.0,0.0,0.0,0.0,0.0,0.0,0.0,0.0
470,Bolivia,Oruro,Saucarí,50,0,24,108,0.0,1.0,-1.0,0.0,0.0,0.0,0.0,0.0,0.0,0.0,0.0,0.0,0.0,0.0,0.0,0.0,0.0,0.0,0.0,0.0,0.0,0.0,0.0
471,Bolivia,Oruro,Saucarí,75,0,0,0,0.0,0.0,0.0,0.0,0.0,0.0,0.0,0.0,0.0,0.0,0.0,0.0,0.0,0.0,0.0,0.0,0.0,0.0,0.0,0.0,0.0,0.0,0.0
472,Bolivia,Pando,Federico Román,0,3178984,952287534,300,,,,,,,,,,,,,,,,,,,,,,,
473,Bolivia,Pando,Federico Román,10,3128999,952099372,304,,,,,,,,,,,,,,,,,,,,,,,
474,Bolivia,Pando,Federico Román,15,3128170,952044719,304,,,,,,,,,,,,,,,,,,,,,,,
475,Bolivia,Pando,Federico Román,20,3127260,951984964,304,,,,,,,,,,,,,,,,,,,,,,,
476,Bolivia,Pando,Federico Román,25,3126685,951945666,304,,,,,,,,,,,,,,,,,,,,,,,
477,Bolivia,Pando,Federico Román,30,3125811,951884712,305,4202350.0,6960924.0,-2758575.0,4039725.0,3811464.0,3480536.0,5243611.0,10637866.0,5892825.0,4385028.0,6030467.0,3237629.0,3070366.0,3135914.0,2666072.0,2696105.0,4548652.0,2441143.0,3941913.0,4100625.0,3734144.0,2917112.0,4035795.0
478,Bolivia,Pando,Federico Román,50,3121442,951583928,305,4192525.0,6938053.0,-2745528.0,4027342.0,3805261.0,3474748.0,5236428.0,10601706.0,5887061.0,4381398.0,6021396.0,3232728.0,3061657.0,3125458.0,2657559.0,2693559.0,4543171.0,2434696.0,3927118.0,4083980.0,3721243.0,2908400.0,4025593.0
479,Bolivia,Pando,Federico Román,75,3111550,950674796,306,4156757.0,6887909.0,-2731152.0,3954014.0,3776219.0,3448094.0,5206607.0,10443801.0,5865998.0,4368403.0,5985565.0,3218185.0,3032603.0,3095606.0,2634224.0,2681731.0,4524200.0,2419114.0,3893727.0,4034491.0,3683252.0,2876867.0,3992438.0
480,Bolivia,Pando,Madre de Dios,0,1195913,285328839,239,,,,,,,,,,,,,,,,,,,,,,,
481,Bolivia,Pando,Madre de Dios,10,1144094,285257907,249,,,,,,,,,,,,,,,,,,,,,,,
482,Bolivia,Pando,Madre de Dios,15,1143361,285222720,249,,,,,,,,,,,,,,,,,,,,,,,
483,Bolivia,Pando,Madre de Dios,20,1142328,285176677,250,,,,,,,,,,,,,,,,,,,,,,,
484,Bolivia,Pando,Madre de Dios,25,1141329,285134694,250,,,,,,,,,,,,,,,,,,,,,,,
485,Bolivia,Pando,Madre de Dios,30,1140501,285093666,250,1400801.0,2692336.0,-1291535.0,598848.0,464625.0,473430.0,547882.0,1797006.0,1285550.0,623189.0,2516017.0,1610018.0,1928616.0,6081088.0,1065684.0,779491.0,1768879.0,431420.0,1367730.0,1464954.0,797990.0,1241659.0,1171937.0
486,Bolivia,Pando,Madre de Dios,50,1133594,284760384,251,1398246.0,2657385.0,-1259139.0,598474.0,464179.0,472919.0,547790.0,1795918.0,1284974.0,622121.0,2513536.0,1609301.0,1927975.0,6079178.0,1063228.0,778412.0,1762976.0,429540.0,1361977.0,1455753.0,792204.0,1234946.0,1169511.0
487,Bolivia,Pando,Madre de Dios,75,1122531,283926798,253,1389299.0,2602167.0,-1212868.0,596689.0,462913.0,470293.0,546211.0,1789431.0,1282730.0,616036.0,2501455.0,1604844.0,1926251.0,6071560.0,1058937.0,775039.0,1738317.0,424222.0,1339279.0,1426672.0,777846.0,1215548.0,1161717.0
488,Bolivia,Pando,Manuripi,0,1969960,561856862,285,,,,,,,,,,,,,,,,,,,,,,,
489,Bolivia,Pando,Manuripi,10,1938480,561663209,290,,,,,,,,,,,,,,,,,,,,,,,
490,Bolivia,Pando,Manuripi,15,1937931,561628498,290,,,,,,,,,,,,,,,,,,,,,,,
491,Bolivia,Pando,Manuripi,20,1937279,561587944,290,,,,,,,,,,,,,,,,,,,,,,,
492,Bolivia,Pando,Manuripi,25,1936822,561558703,290,,,,,,,,,,,,,,,,,,,,,,,
493,Bolivia,Pando,Manuripi,30,1935976,561506042,290,2073552.0,4521666.0,-2448114.0,1388176.0,1173164.0,1152741.0,1339547.0,9303691.0,2597353.0,1509567.0,2127434.0,2789852.0,2261058.0,1424218.0,2149548.0,1181433.0,1232094.0,892760.0,1985845.0,1901582.0,1399862.0,1327493.0,2333631.0
494,Bolivia,Pando,Manuripi,50,1930208,561166205,291,2067330.0,4491338.0,-2424008.0,1385640.0,1171258.0,1151055.0,1337692.0,9294964.0,2596443.0,1508535.0,2124715.0,2788281.0,2259260.0,1420997.0,2147626.0,1179120.0,1226105.0,889282.0,1929726.0,1893790.0,1394241.0,1319649.0,2328226.0
495,Bolivia,Pando,Manuripi,75,1914449,559974573,292,2050226.0,4413210.0,-2362984.0,1372385.0,1162838.0,1143889.0,1331421.0,9241173.0,2590293.0,1499568.0,2110482.0,2780659.0,2250510.0,1409232.0,2141219.0,1171397.0,1206275.0,876238.0,1861192.0,1863016.0,1377152.0,1303253.0,2312326.0
496,Bolivia,Potosí,Alonso de Ibáñez,0,138854,30032,0,,,,,,,,,,,,,,,,,,,,,,,
497,Bolivia,Potosí,Alonso de Ibáñez,10,22,2550,118,,,,,,,,,,,,,,,,,,,,,,,
498,Bolivia,Potosí,Alonso de Ibáñez,15,17,2112,125,,,,,,,,,,,,,,,,,,,,,,,
499,Bolivia,Potosí,Alonso de Ibáñez,20,16,1987,127,,,,,,,,,,,,,,,,,,,,,,,
500,Bolivia,Potosí,Alonso de Ibáñez,25,15,1876,129,,,,,,,,,,,,,,,,,,,,,,,
501,Bolivia,Potosí,Alonso de Ibáñez,30,14,1823,130,0.0,55.0,-55.0,0.0,0.0,0.0,0.0,0.0,0.0,0.0,0.0,0.0,0.0,0.0,0.0,0.0,0.0,0.0,0.0,0.0,0.0,0.0,0.0
502,Bolivia,Potosí,Alonso de Ibáñez,50,9,1301,142,0.0,36.0,-36.0,0.0,0.0,0.0,0.0,0.0,0.0,0.0,0.0,0.0,0.0,0.0,0.0,0.0,0.0,0.0,0.0,0.0,0.0,0.0,0.0
503,Bolivia,Potosí,Alonso de Ibáñez,75,3,533,165,0.0,13.0,-13.0,0.0,0.0,0.0,0.0,0.0,0.0,0.0,0.0,0.0,0.0,0.0,0.0,0.0,0.0,0.0,0.0,0.0,0.0,0.0,0.0
504,Bolivia,Potosí,Antonio Quijarro,0,1733708,130788,0,,,,,,,,,,,,,,,,,,,,,,,
505,Bolivia,Potosí,Antonio Quijarro,10,30,2984,99,,,,,,,,,,,,,,,,,,,,,,,
506,Bolivia,Potosí,Antonio Quijarro,15,26,2655,101,,,,,,,,,,,,,,,,,,,,,,,
507,Bolivia,Potosí,Antonio Quijarro,20,24,2468,101,,,,,,,,,,,,,,,,,,,,,,,
508,Bolivia,Potosí,Antonio Quijarro,25,21,2125,102,,,,,,,,,,,,,,,,,,,,,,,
509,Bolivia,Potosí,Antonio Quijarro,30,20,2029,103,13.0,86.0,-73.0,35.0,0.0,0.0,201.0,0.0,0.0,0.0,0.0,17.0,0.0,0.0,0.0,0.0,0.0,0.0,0.0,0.0,0.0,0.0,0.0
510,Bolivia,Potosí,Antonio Quijarro,50,3,377,145,12.0,19.0,-7.0,35.0,0.0,0.0,201.0,0.0,0.0,0.0,0.0,0.0,0.0,0.0,0.0,0.0,0.0,0.0,0.0,0.0,0.0,0.0,0.0
511,Bolivia,Potosí,Antonio Quijarro,75,1,135,186,10.0,12.0,-2.0,35.0,0.0,0.0,164.0,0.0,0.0,0.0,0.0,0.0,0.0,0.0,0.0,0.0,0.0,0.0,0.0,0.0,0.0,0.0,0.0
512,Bolivia,Potosí,Bernardino Bilbao,0,78923,314191,4,,,,,,,,,,,,,,,,,,,,,,,
513,Bolivia,Potosí,Bernardino Bilbao,10,2443,245612,101,,,,,,,,,,,,,,,,,,,,,,,
514,Bolivia,Potosí,Bernardino Bilbao,15,1930,200300,104,,,,,,,,,,,,,,,,,,,,,,,
515,Bolivia,Potosí,Bernardino Bilbao,20,1697,179024,105,,,,,,,,,,,,,,,,,,,,,,,
516,Bolivia,Potosí,Bernardino Bilbao,25,1480,159375,108,,,,,,,,,,,,,,,,,,,,,,,
517,Bolivia,Potosí,Bernardino Bilbao,30,1332,146106,110,4.0,5206.0,-5203.0,0.0,0.0,0.0,0.0,0.0,32.0,0.0,0.0,0.0,21.0,0.0,0.0,0.0,19.0,0.0,0.0,0.0,0.0,0.0,0.0
518,Bolivia,Potosí,Bernardino Bilbao,50,767,93328,122,3.0,2996.0,-2993.0,0.0,0.0,0.0,0.0,0.0,32.0,0.0,0.0,0.0,21.0,0.0,0.0,0.0,0.0,0.0,0.0,0.0,0.0,0.0,0.0
519,Bolivia,Potosí,Bernardino Bilbao,75,218,32311,148,0.0,852.0,-852.0,0.0,0.0,0.0,0.0,0.0,0.0,0.0,0.0,0.0,0.0,0.0,0.0,0.0,0.0,0.0,0.0,0.0,0.0,0.0,0.0
520,Bolivia,Potosí,Charcas,0,341111,2937283,9,,,,,,,,,,,,,,,,,,,,,,,
521,Bolivia,Potosí,Charcas,10,23326,2568436,110,,,,,,,,,,,,,,,,,,,,,,,
522,Bolivia,Potosí,Charcas,15,20189,2284479,113,,,,,,,,,,,,,,,,,,,,,,,
523,Bolivia,Potosí,Charcas,20,18216,2104605,116,,,,,,,,,,,,,,,,,,,,,,,
524,Bolivia,Potosí,Charcas,25,16296,1929214,118,,,,,,,,,,,,,,,,,,,,,,,
525,Bolivia,Potosí,Charcas,30,15106,1817754,120,861.0,58894.0,-58033.0,282.0,384.0,827.0,5269.0,733.0,363.0,168.0,1330.0,803.0,1865.0,1413.0,2289.0,62.0,139.0,0.0,262.0,822.0,0.0,0.0,214.0
526,Bolivia,Potosí,Charcas,50,9365,1262445,135,628.0,36506.0,-35878.0,264.0,318.0,444.0,3396.0,508.0,326.0,83.0,998.0,704.0,1207.0,1393.0,1834.0,0.0,78.0,0.0,172.0,615.0,0.0,0.0,214.0
527,Bolivia,Potosí,Charcas,75,4279,646773,151,294.0,16689.0,-16395.0,166.0,236.0,191.0,1283.0,190.0,234.0,64.0,345.0,499.0,453.0,1218.0,678.0,0.0,20.0,0.0,67.0,70.0,0.0,0.0,162.0
528,Bolivia,Potosí,Chayanta,0,499880,864520,2,,,,,,,,,,,,,,,,,,,,,,,
529,Bolivia,Potosí,Chayanta,10,6043,677262,112,,,,,,,,,,,,,,,,,,,,,,,
530,Bolivia,Potosí,Chayanta,15,5123,590713,115,,,,,,,,,,,,,,,,,,,,,,,
531,Bolivia,Potosí,Chayanta,20,4597,540739,118,,,,,,,,,,,,,,,,,,,,,,,
532,Bolivia,Potosí,Chayanta,25,3892,473587,122,,,,,,,,,,,,,,,,,,,,,,,
533,Bolivia,Potosí,Chayanta,30,3554,440411,124,58.0,13887.0,-13829.0,224.0,59.0,55.0,40.0,104.0,0.0,0.0,42.0,271.0,238.0,0.0,131.0,0.0,0.0,0.0,0.0,0.0,0.0,0.0,0.0
534,Bolivia,Potosí,Chayanta,50,2015,285769,142,45.0,7874.0,-7830.0,224.0,30.0,55.0,0.0,82.0,0.0,0.0,42.0,213.0,162.0,0.0,87.0,0.0,0.0,0.0,0.0,0.0,0.0,0.0,0.0
535,Bolivia,Potosí,Chayanta,75,764,124633,163,16.0,2991.0,-2975.0,136.0,30.0,0.0,0.0,59.0,0.0,0.0,0.0,31.0,59.0,0.0,0.0,0.0,0.0,0.0,0.0,0.0,0.0,0.0,0.0
536,Bolivia,Potosí,Cornelio Saavedra,0,317146,712090,2,,,,,,,,,,,,,,,,,,,,,,,
537,Bolivia,Potosí,Cornelio Saavedra,10,5659,614786,109,,,,,,,,,,,,,,,,,,,,,,,
538,Bolivia,Potosí,Cornelio Saavedra,15,4495,504364,112,,,,,,,,,,,,,,,,,,,,,,,
539,Bolivia,Potosí,Cornelio Saavedra,20,3789,435030,115,,,,,,,,,,,,,,,,,,,,,,,
540,Bolivia,Potosí,Cornelio Saavedra,25,3056,361560,118,,,,,,,,,,,,,,,,,,,,,,,
541,Bolivia,Potosí,Cornelio Saavedra,30,2602,315744,121,62.0,10171.0,-10108.0,90.0,270.0,49.0,28.0,153.0,175.0,0.0,0.0,339.0,24.0,47.0,75.0,0.0,0.0,0.0,0.0,0.0,0.0,0.0,0.0
542,Bolivia,Potosí,Cornelio Saavedra,50,1442,192051,133,55.0,5638.0,-5583.0,90.0,270.0,49.0,28.0,137.0,63.0,0.0,0.0,339.0,24.0,47.0,53.0,0.0,0.0,0.0,0.0,0.0,0.0,0.0,0.0
543,Bolivia,Potosí,Cornelio Saavedra,75,404,61567,152,42.0,1585.0,-1543.0,51.0,229.0,26.0,28.0,137.0,26.0,0.0,0.0,262.0,0.0,26.0,53.0,0.0,0.0,0.0,0.0,0.0,0.0,0.0,0.0
544,Bolivia,Potosí,Daniel Campos,0,1048200,826577,1,,,,,,,,,,,,,,,,,,,,,,,
545,Bolivia,Potosí,Daniel Campos,10,0,7,103,,,,,,,,,,,,,,,,,,,,,,,
546,Bolivia,Potosí,Daniel Campos,15,0,7,103,,,,,,,,,,,,,,,,,,,,,,,
547,Bolivia,Potosí,Daniel Campos,20,0,7,103,,,,,,,,,,,,,,,,,,,,,,,
548,Bolivia,Potosí,Daniel Campos,25,0,7,103,,,,,,,,,,,,,,,,,,,,,,,
549,Bolivia,Potosí,Daniel Campos,30,0,7,103,0.0,0.0,0.0,0.0,0.0,0.0,0.0,0.0,0.0,0.0,0.0,0.0,0.0,0.0,0.0,0.0,0.0,0.0,0.0,0.0,0.0,0.0,0.0
550,Bolivia,Potosí,Daniel Campos,50,0,0,0,0.0,0.0,0.0,0.0,0.0,0.0,0.0,0.0,0.0,0.0,0.0,0.0,0.0,0.0,0.0,0.0,0.0,0.0,0.0,0.0,0.0,0.0,0.0
551,Bolivia,Potosí,Daniel Campos,75,0,0,0,0.0,0.0,0.0,0.0,0.0,0.0,0.0,0.0,0.0,0.0,0.0,0.0,0.0,0.0,0.0,0.0,0.0,0.0,0.0,0.0,0.0,0.0,0.0
552,Bolivia,Potosí,José María Linares,0,486211,220792,0,,,,,,,,,,,,,,,,,,,,,,,
553,Bolivia,Potosí,José María Linares,10,1006,101579,101,,,,,,,,,,,,,,,,,,,,,,,
554,Bolivia,Potosí,José María Linares,15,685,72737,106,,,,,,,,,,,,,,,,,,,,,,,
555,Bolivia,Potosí,José María Linares,20,560,60827,109,,,,,,,,,,,,,,,,,,,,,,,
556,Bolivia,Potosí,José María Linares,25,416,47015,113,,,,,,,,,,,,,,,,,,,,,,,
557,Bolivia,Potosí,José María Linares,30,347,40370,116,8.0,1357.0,-1349.0,0.0,0.0,0.0,0.0,0.0,0.0,0.0,0.0,77.0,0.0,0.0,53.0,0.0,0.0,0.0,0.0,21.0,0.0,0.0,0.0
558,Bolivia,Potosí,José María Linares,50,145,19486,135,6.0,565.0,-558.0,0.0,0.0,0.0,0.0,0.0,0.0,0.0,0.0,77.0,0.0,0.0,53.0,0.0,0.0,0.0,0.0,0.0,0.0,0.0,0.0
559,Bolivia,Potosí,José María Linares,75,42,6552,157,6.0,163.0,-157.0,0.0,0.0,0.0,0.0,0.0,0.0,0.0,0.0,59.0,0.0,0.0,53.0,0.0,0.0,0.0,0.0,0.0,0.0,0.0,0.0
560,Bolivia,Potosí,Modesto Omiste,0,253555,34973,0,,,,,,,,,,,,,,,,,,,,,,,
561,Bolivia,Potosí,Modesto Omiste,10,85,7252,86,,,,,,,,,,,,,,,,,,,,,,,
562,Bolivia,Potosí,Modesto Omiste,15,63,5610,89,,,,,,,,,,,,,,,,,,,,,,,
563,Bolivia,Potosí,Modesto Omiste,20,47,4267,91,,,,,,,,,,,,,,,,,,,,,,,
564,Bolivia,Potosí,Modesto Omiste,25,31,2901,95,,,,,,,,,,,,,,,,,,,,,,,
565,Bolivia,Potosí,Modesto Omiste,30,24,2318,98,0.0,94.0,-94.0,0.0,0.0,0.0,0.0,0.0,0.0,0.0,0.0,0.0,0.0,0.0,0.0,0.0,0.0,0.0,0.0,0.0,0.0,0.0,0.0
566,Bolivia,Potosí,Modesto Omiste,50,5,642,128,0.0,21.0,-21.0,0.0,0.0,0.0,0.0,0.0,0.0,0.0,0.0,0.0,0.0,0.0,0.0,0.0,0.0,0.0,0.0,0.0,0.0,0.0,0.0
567,Bolivia,Potosí,Modesto Omiste,75,1,173,152,0.0,6.0,-6.0,0.0,0.0,0.0,0.0,0.0,0.0,0.0,0.0,0.0,0.0,0.0,0.0,0.0,0.0,0.0,0.0,0.0,0.0,0.0,0.0
568,Bolivia,Potosí,Nor Chichas,0,814839,454497,1,,,,,,,,,,,,,,,,,,,,,,,
569,Bolivia,Potosí,Nor Chichas,10,1471,133451,91,,,,,,,,,,,,,,,,,,,,,,,
570,Bolivia,Potosí,Nor Chichas,15,1003,94138,94,,,,,,,,,,,,,,,,,,,,,,,
571,Bolivia,Potosí,Nor Chichas,20,759,72413,95,,,,,,,,,,,,,,,,,,,,,,,
572,Bolivia,Potosí,Nor Chichas,25,466,46101,99,,,,,,,,,,,,,,,,,,,,,,,
573,Bolivia,Potosí,Nor Chichas,30,360,36504,101,2.0,1408.0,-1406.0,0.0,0.0,0.0,22.0,0.0,0.0,0.0,0.0,0.0,0.0,0.0,18.0,0.0,0.0,0.0,0.0,0.0,0.0,0.0,0.0
574,Bolivia,Potosí,Nor Chichas,50,74,9408,126,1.0,291.0,-289.0,0.0,0.0,0.0,22.0,0.0,0.0,0.0,0.0,0.0,0.0,0.0,0.0,0.0,0.0,0.0,0.0,0.0,0.0,0.0,0.0
575,Bolivia,Potosí,Nor Chichas,75,14,2085,154,1.0,53.0,-51.0,0.0,0.0,0.0,22.0,0.0,0.0,0.0,0.0,0.0,0.0,0.0,0.0,0.0,0.0,0.0,0.0,0.0,0.0,0.0,0.0
576,Bolivia,Potosí,Nor Lípez,0,3067899,1879871,1,,,,,,,,,,,,,,,,,,,,,,,
577,Bolivia,Potosí,Nor Lípez,10,1,135,105,,,,,,,,,,,,,,,,,,,,,,,
578,Bolivia,Potosí,Nor Lípez,15,1,135,105,,,,,,,,,,,,,,,,,,,,,,,
579,Bolivia,Potosí,Nor Lípez,20,1,135,105,,,,,,,,,,,,,,,,,,,,,,,
580,Bolivia,Potosí,Nor Lípez,25,1,135,105,,,,,,,,,,,,,,,,,,,,,,,
581,Bolivia,Potosí,Nor Lípez,30,1,135,105,0.0,5.0,-5.0,0.0,0.0,0.0,0.0,0.0,0.0,0.0,0.0,0.0,0.0,0.0,0.0,0.0,0.0,0.0,0.0,0.0,0.0,0.0,0.0
582,Bolivia,Potosí,Nor Lípez,50,0,0,0,0.0,0.0,0.0,0.0,0.0,0.0,0.0,0.0,0.0,0.0,0.0,0.0,0.0,0.0,0.0,0.0,0.0,0.0,0.0,0.0,0.0,0.0,0.0
583,Bolivia,Potosí,Nor Lípez,75,0,0,0,0.0,0.0,0.0,0.0,0.0,0.0,0.0,0.0,0.0,0.0,0.0,0.0,0.0,0.0,0.0,0.0,0.0,0.0,0.0,0.0,0.0,0.0,0.0
584,Bolivia,Potosí,Rafael Bustillo,0,226130,58935,0,,,,,,,,,,,,,,,,,,,,,,,
585,Bolivia,Potosí,Rafael Bustillo,10,55,5477,100,,,,,,,,,,,,,,,,,,,,,,,
586,Bolivia,Potosí,Rafael Bustillo,15,34,3609,106,,,,,,,,,,,,,,,,,,,,,,,
587,Bolivia,Potosí,Rafael Bustillo,20,27,2898,108,,,,,,,,,,,,,,,,,,,,,,,
588,Bolivia,Potosí,Rafael Bustillo,25,20,2189,112,,,,,,,,,,,,,,,,,,,,,,,
589,Bolivia,Potosí,Rafael Bustillo,30,17,1975,114,4.0,67.0,-63.0,31.0,0.0,29.0,0.0,0.0,0.0,0.0,0.0,0.0,0.0,20.0,0.0,0.0,0.0,0.0,0.0,0.0,0.0,0.0,0.0
590,Bolivia,Potosí,Rafael Bustillo,50,8,1023,130,3.0,30.0,-27.0,31.0,0.0,29.0,0.0,0.0,0.0,0.0,0.0,0.0,0.0,0.0,0.0,0.0,0.0,0.0,0.0,0.0,0.0,0.0,0.0
591,Bolivia,Potosí,Rafael Bustillo,75,2,281,154,0.0,7.0,-7.0,0.0,0.0,0.0,0.0,0.0,0.0,0.0,0.0,0.0,0.0,0.0,0.0,0.0,0.0,0.0,0.0,0.0,0.0,0.0,0.0
592,Bolivia,Potosí,Sud Chichas,0,815848,201855,0,,,,,,,,,,,,,,,,,,,,,,,
593,Bolivia,Potosí,Sud Chichas,10,128,10941,86,,,,,,,,,,,,,,,,,,,,,,,
594,Bolivia,Potosí,Sud Chichas,15,94,8293,88,,,,,,,,,,,,,,,,,,,,,,,
595,Bolivia,Potosí,Sud Chichas,20,70,6260,90,,,,,,,,,,,,,,,,,,,,,,,
596,Bolivia,Potosí,Sud Chichas,25,48,4414,92,,,,,,,,,,,,,,,,,,,,,,,
597,Bolivia,Potosí,Sud Chichas,30,42,3898,94,2.0,162.0,-161.0,0.0,0.0,0.0,0.0,0.0,0.0,0.0,17.0,17.0,0.0,0.0,0.0,0.0,0.0,0.0,0.0,0.0,0.0,0.0,0.0
598,Bolivia,Potosí,Sud Chichas,50,6,725,119,0.0,24.0,-24.0,0.0,0.0,0.0,0.0,0.0,0.0,0.0,0.0,0.0,0.0,0.0,0.0,0.0,0.0,0.0,0.0,0.0,0.0,0.0,0.0
599,Bolivia,Potosí,Sud Chichas,75,1,108,150,0.0,3.0,-3.0,0.0,0.0,0.0,0.0,0.0,0.0,0.0,0.0,0.0,0.0,0.0,0.0,0.0,0.0,0.0,0.0,0.0,0.0,0.0,0.0
600,Bolivia,Potosí,Sud Lípez,0,1639112,112792,0,,,,,,,,,,,,,,,,,,,,,,,
601,Bolivia,Potosí,Sud Lípez,10,10,993,100,,,,,,,,,,,,,,,,,,,,,,,
602,Bolivia,Potosí,Sud Lípez,15,10,967,101,,,,,,,,,,,,,,,,,,,,,,,
603,Bolivia,Potosí,Sud Lípez,20,10,967,101,,,,,,,,,,,,,,,,,,,,,,,
604,Bolivia,Potosí,Sud Lípez,25,10,961,101,,,,,,,,,,,,,,,,,,,,,,,
605,Bolivia,Potosí,Sud Lípez,30,10,961,101,1.0,38.0,-37.0,0.0,0.0,0.0,0.0,0.0,0.0,0.0,0.0,0.0,0.0,0.0,0.0,0.0,0.0,0.0,0.0,20.0,0.0,0.0,0.0
606,Bolivia,Potosí,Sud Lípez,50,1,75,131,0.0,3.0,-3.0,0.0,0.0,0.0,0.0,0.0,0.0,0.0,0.0,0.0,0.0,0.0,0.0,0.0,0.0,0.0,0.0,0.0,0.0,0.0,0.0
607,Bolivia,Potosí,Sud Lípez,75,0,0,0,0.0,1.0,-1.0,0.0,0.0,0.0,0.0,0.0,0.0,0.0,0.0,0.0,0.0,0.0,0.0,0.0,0.0,0.0,0.0,0.0,0.0,0.0,0.0
608,Bolivia,Potosí,Tomás Frías,0,482238,44986,0,,,,,,,,,,,,,,,,,,,,,,,
609,Bolivia,Potosí,Tomás Frías,10,31,2968,96,,,,,,,,,,,,,,,,,,,,,,,
610,Bolivia,Potosí,Tomás Frías,15,22,2218,99,,,,,,,,,,,,,,,,,,,,,,,
611,Bolivia,Potosí,Tomás Frías,20,17,1739,100,,,,,,,,,,,,,,,,,,,,,,,
612,Bolivia,Potosí,Tomás Frías,25,14,1447,101,,,,,,,,,,,,,,,,,,,,,,,
613,Bolivia,Potosí,Tomás Frías,30,13,1322,100,1.0,52.0,-51.0,0.0,0.0,0.0,0.0,0.0,0.0,18.0,0.0,0.0,0.0,0.0,0.0,0.0,0.0,0.0,0.0,0.0,0.0,0.0,0.0
614,Bolivia,Potosí,Tomás Frías,50,2,241,127,0.0,8.0,-8.0,0.0,0.0,0.0,0.0,0.0,0.0,0.0,0.0,0.0,0.0,0.0,0.0,0.0,0.0,0.0,0.0,0.0,0.0,0.0,0.0
615,Bolivia,Potosí,Tomás Frías,75,1,77,151,0.0,3.0,-3.0,0.0,0.0,0.0,0.0,0.0,0.0,0.0,0.0,0.0,0.0,0.0,0.0,0.0,0.0,0.0,0.0,0.0,0.0,0.0,0.0
616,Bolivia,Santa Cruz,Andrés Ibáñez,0,484964,39553730,82,,,,,,,,,,,,,,,,,,,,,,,
617,Bolivia,Santa Cruz,Andrés Ibáñez,10,263805,39263254,149,,,,,,,,,,,,,,,,,,,,,,,
618,Bolivia,Santa Cruz,Andrés Ibáñez,15,260447,39059594,150,,,,,,,,,,,,,,,,,,,,,,,
619,Bolivia,Santa Cruz,Andrés Ibáñez,20,257381,38867752,151,,,,,,,,,,,,,,,,,,,,,,,
620,Bolivia,Santa Cruz,Andrés Ibáñez,25,255701,38758732,152,,,,,,,,,,,,,,,,,,,,,,,
621,Bolivia,Santa Cruz,Andrés Ibáñez,30,252785,38571378,153,1227245.0,806401.0,420845.0,1123667.0,582712.0,1539193.0,749764.0,903271.0,1265305.0,957224.0,1344448.0,1338159.0,1314806.0,1607736.0,1338031.0,1169100.0,1245924.0,766002.0,1755642.0,2015110.0,1121471.0,1197331.0,1210009.0
622,Bolivia,Santa Cruz,Andrés Ibáñez,50,232777,37173175,160,1172847.0,718881.0,453966.0,1096147.0,569273.0,1509361.0,723337.0,867216.0,1229844.0,937304.0,1275855.0,1295637.0,1271728.0,1528014.0,1285178.0,1119340.0,1186075.0,719383.0,1623309.0,1887156.0,1052632.0,1127399.0,1152752.0
623,Bolivia,Santa Cruz,Andrés Ibáñez,75,195113,33378023,171,1019523.0,578842.0,440681.0,1023797.0,512284.0,1395974.0,649361.0,750840.0,1114415.0,848535.0,1044780.0,1104894.0,1111088.0,1281141.0,1135675.0,961764.0,1015729.0,609775.0,1359445.0,1605758.0,894157.0,965222.0,1005821.0
624,Bolivia,Santa Cruz,Chiquitos,0,6439866,823085201,128,,,,,,,,,,,,,,,,,,,,,,,
625,Bolivia,Santa Cruz,Chiquitos,10,5754567,822290117,143,,,,,,,,,,,,,,,,,,,,,,,
626,Bolivia,Santa Cruz,Chiquitos,15,5737124,821491828,143,,,,,,,,,,,,,,,,,,,,,,,
627,Bolivia,Santa Cruz,Chiquitos,20,5711698,820324992,144,,,,,,,,,,,,,,,,,,,,,,,
628,Bolivia,Santa Cruz,Chiquitos,25,5691379,819372790,144,,,,,,,,,,,,,,,,,,,,,,,
629,Bolivia,Santa Cruz,Chiquitos,30,5668325,818268713,144,19600543.0,17384891.0,2215653.0,3534445.0,6396400.0,2413393.0,5542808.0,9392623.0,9649413.0,9808984.0,27948104.0,12357293.0,27149289.0,19678343.0,12423098.0,10244863.0,12064392.0,15173309.0,47365848.0,40299483.0,32454005.0,65550630.0,22564144.0
630,Bolivia,Santa Cruz,Chiquitos,50,5388244,803884730,149,18904015.0,15925390.0,2978625.0,3382190.0,6253904.0,2319173.0,5330745.0,9171176.0,9436900.0,9685946.0,27198555.0,11948921.0,26821780.0,19095524.0,12259647.0,9564247.0,11449642.0,14694958.0,45194638.0,39027078.0,31232121.0,62067531.0,21945624.0
631,Bolivia,Santa Cruz,Chiquitos,75,3489336,618493395,177,10935932.0,7864529.0,3071402.0,2603781.0,5248172.0,1748497.0,4290430.0,7582002.0,7394393.0,7857213.0,19248714.0,7773638.0,21681236.0,11371514.0,9543519.0,3205621.0,3985696.0,5309265.0,18040820.0,22808634.0,15484163.0,29816619.0,13724705.0
632,Bolivia,Santa Cruz,Cordillera,0,8551583,498682363,58,,,,,,,,,,,,,,,,,,,,,,,
633,Bolivia,Santa Cruz,Cordillera,10,7783390,498059144,64,,,,,,,,,,,,,,,,,,,,,,,
634,Bolivia,Santa Cruz,Cordillera,15,7745894,496514348,64,,,,,,,,,,,,,,,,,,,,,,,
635,Bolivia,Santa Cruz,Cordillera,20,7670659,493727173,64,,,,,,,,,,,,,,,,,,,,,,,
636,Bolivia,Santa Cruz,Cordillera,25,7614551,491668458,65,,,,,,,,,,,,,,,,,,,,,,,
637,Bolivia,Santa Cruz,Cordillera,30,7537021,488633610,65,8105571.0,28230974.0,-20125403.0,1442170.0,1761811.0,1341723.0,3236811.0,2576330.0,2470963.0,1041785.0,7380818.0,7406247.0,10102054.0,8719064.0,5149783.0,3848792.0,4184512.0,3908222.0,8893480.0,8443409.0,8092118.0,64555688.0,7555635.0
638,Bolivia,Santa Cruz,Cordillera,50,4503478,377227886,84,6609748.0,17314183.0,-10704435.0,1269332.0,1592835.0,1233874.0,2842000.0,2222840.0,2073353.0,913574.0,6389027.0,6351878.0,8915472.0,7764704.0,4048184.0,2519304.0,2994050.0,2061232.0,6197657.0,5200122.0,5390360.0,57043465.0,5171697.0
639,Bolivia,Santa Cruz,Cordillera,75,1602480,194446826,121,2925763.0,6075119.0,-3149355.0,797626.0,1072888.0,890227.0,1458284.0,1389526.0,1020733.0,570790.0,3229562.0,2683573.0,3541859.0,4166114.0,2096528.0,1006112.0,1185513.0,559196.0,2390363.0,2205440.0,1439764.0,24404119.0,2407053.0
640,Bolivia,Santa Cruz,Florida,0,396353,42750173,108,,,,,,,,,,,,,,,,,,,,,,,
641,Bolivia,Santa Cruz,Florida,10,329548,42565239,129,,,,,,,,,,,,,,,,,,,,,,,
642,Bolivia,Santa Cruz,Florida,15,324862,42188664,130,,,,,,,,,,,,,,,,,,,,,,,
643,Bolivia,Santa Cruz,Florida,20,321311,41900088,130,,,,,,,,,,,,,,,,,,,,,,,
644,Bolivia,Santa Cruz,Florida,25,318892,41699014,131,,,,,,,,,,,,,,,,,,,,,,,
645,Bolivia,Santa Cruz,Florida,30,315742,41436119,131,205731.0,750418.0,-544687.0,156800.0,54574.0,237980.0,81235.0,142693.0,151911.0,65842.0,72870.0,177495.0,27303.0,262244.0,296502.0,159090.0,195757.0,185049.0,389761.0,555078.0,313263.0,312431.0,276750.0
646,Bolivia,Santa Cruz,Florida,50,284603,38761423,136,191361.0,628466.0,-437105.0,152699.0,52704.0,229946.0,78578.0,139698.0,147778.0,63865.0,69756.0,162729.0,25228.0,248511.0,279553.0,146293.0,182657.0,173562.0,338506.0,500994.0,285696.0,295205.0,253266.0
647,Bolivia,Santa Cruz,Florida,75,238899,34375366,144,162746.0,454241.0,-291495.0,143035.0,49457.0,211540.0,73506.0,131129.0,140855.0,61386.0,64547.0,141247.0,23831.0,226139.0,243830.0,119123.0,152630.0,149171.0,241364.0,390702.0,234464.0,250925.0,206041.0
648,Bolivia,Santa Cruz,Ichilo,0,1214265,219850917,181,,,,,,,,,,,,,,,,,,,,,,,
649,Bolivia,Santa Cruz,Ichilo,10,1121796,219223925,195,,,,,,,,,,,,,,,,,,,,,,,
650,Bolivia,Santa Cruz,Ichilo,15,1117372,218916839,196,,,,,,,,,,,,,,,,,,,,,,,
651,Bolivia,Santa Cruz,Ichilo,20,1112534,218585935,196,,,,,,,,,,,,,,,,,,,,,,,
652,Bolivia,Santa Cruz,Ichilo,25,1109541,218377152,197,,,,,,,,,,,,,,,,,,,,,,,
653,Bolivia,Santa Cruz,Ichilo,30,1105198,218066030,197,5015591.0,2288856.0,2726736.0,4602879.0,4368167.0,5556529.0,3104841.0,3352257.0,3639618.0,3982103.0,4800140.0,2619789.0,10290506.0,8440041.0,5434649.0,3019998.0,5599197.0,2536323.0,10603955.0,5957998.0,3240872.0,5318275.0,3843689.0
654,Bolivia,Santa Cruz,Ichilo,50,1081452,216351533,200,4974788.0,2155751.0,2819037.0,4580394.0,4339680.0,5540650.0,3095169.0,3334542.0,3622875.0,3959874.0,4785793.0,2611154.0,10259448.0,8412521.0,5410394.0,2998807.0,5545694.0,2500497.0,10419754.0,5863136.0,3195222.0,5238179.0,3781986.0
655,Bolivia,Santa Cruz,Ichilo,75,1026973,211022274,205,4833630.0,1870308.0,2963323.0,4471063.0,4220022.0,5439741.0,3041405.0,3246545.0,3549807.0,3878209.0,4711379.0,2558734.0,10139151.0,8282402.0,5313137.0,2901577.0,5354160.0,2376469.0,9976114.0,5563145.0,3057643.0,4992737.0,3599170.0
656,Bolivia,Santa Cruz,Ignacio Warnes,0,228208,5249178,23,,,,,,,,,,,,,,,,,,,,,,,
657,Bolivia,Santa Cruz,Ignacio Warnes,10,46906,5180502,110,,,,,,,,,,,,,,,,,,,,,,,
658,Bolivia,Santa Cruz,Ignacio Warnes,15,45573,5112489,112,,,,,,,,,,,,,,,,,,,,,,,
659,Bolivia,Santa Cruz,Ignacio Warnes,20,44545,5058823,114,,,,,,,,,,,,,,,,,,,,,,,
660,Bolivia,Santa Cruz,Ignacio Warnes,25,43934,5025935,114,,,,,,,,,,,,,,,,,,,,,,,
661,Bolivia,Santa Cruz,Ignacio Warnes,30,42906,4969976,116,311159.0,139766.0,171394.0,201650.0,212780.0,230082.0,360123.0,750564.0,523756.0,318279.0,425015.0,270265.0,244920.0,592373.0,471642.0,340924.0,204434.0,100967.0,208688.0,254289.0,151313.0,206661.0,154461.0
662,Bolivia,Santa Cruz,Ignacio Warnes,50,36986,4619582,125,290707.0,116670.0,174037.0,187104.0,203424.0,212874.0,333045.0,706503.0,492297.0,303201.0,392754.0,253284.0,233416.0,563215.0,438031.0,320306.0,184427.0,94051.0,192927.0,224966.0,141094.0,193222.0,143998.0
663,Bolivia,Santa Cruz,Ignacio Warnes,75,25208,3592941,143,212457.0,80602.0,131856.0,130748.0,145914.0,131626.0,225452.0,494282.0,304989.0,204774.0,225315.0,177411.0,179288.0,437537.0,363804.0,276675.0,146078.0,81551.0,160763.0,174370.0,114454.0,152977.0,121135.0
664,Bolivia,Santa Cruz,José Miguel de Velasco,0,9431016,1575297091,167,,,,,,,,,,,,,,,,,,,,,,,
665,Bolivia,Santa Cruz,José Miguel de Velasco,10,8504834,1574449918,185,,,,,,,,,,,,,,,,,,,,,,,
666,Bolivia,Santa Cruz,José Miguel de Velasco,15,8463847,1572635900,186,,,,,,,,,,,,,,,,,,,,,,,
667,Bolivia,Santa Cruz,José Miguel de Velasco,20,8395121,1569447091,187,,,,,,,,,,,,,,,,,,,,,,,
668,Bolivia,Santa Cruz,José Miguel de Velasco,25,8337984,1566804399,188,,,,,,,,,,,,,,,,,,,,,,,
669,Bolivia,Santa Cruz,José Miguel de Velasco,30,8277068,1563927607,189,16686760.0,21460193.0,-4773433.0,2570237.0,3526966.0,2246676.0,8969847.0,5559779.0,10812754.0,10619850.0,15963840.0,8670253.0,21978708.0,10446551.0,14401316.0,9800450.0,7281581.0,11139228.0,25743027.0,45060224.0,29591309.0,44135574.0,45217033.0
670,Bolivia,Santa Cruz,José Miguel de Velasco,50,7814097,1537834056,197,16304541.0,18745496.0,-2440955.0,2495007.0,3426345.0,2194474.0,8849404.0,5496402.0,10629982.0,10442932.0,15584676.0,8502317.0,21685840.0,10321635.0,14252707.0,9416500.0,7124116.0,10836196.0,25248731.0,44141691.0,28919043.0,42236148.0,44286672.0
671,Bolivia,Santa Cruz,José Miguel de Velasco,75,6481983,1351900490,209,14214588.0,12606079.0,1608509.0,2176477.0,3091022.0,1964785.0,8116960.0,5068434.0,9677257.0,9424545.0,14247570.0,7576081.0,20304480.0,9649782.0,13201333.0,7310560.0,6208812.0,9125530.0,22565581.0,38722477.0,24265166.0,32692595.0,38902312.0
672,Bolivia,Santa Cruz,Manuel María Caballero,0,374504,40796920,109,,,,,,,,,,,,,,,,,,,,,,,
673,Bolivia,Santa Cruz,Manuel María Caballero,10,263892,40444894,153,,,,,,,,,,,,,,,,,,,,,,,
674,Bolivia,Santa Cruz,Manuel María Caballero,15,259289,40024878,154,,,,,,,,,,,,,,,,,,,,,,,
675,Bolivia,Santa Cruz,Manuel María Caballero,20,255960,39701355,155,,,,,,,,,,,,,,,,,,,,,,,
676,Bolivia,Santa Cruz,Manuel María Caballero,25,253231,39435431,156,,,,,,,,,,,,,,,,,,,,,,,
677,Bolivia,Santa Cruz,Manuel María Caballero,30,250749,39184460,156,90871.0,453222.0,-362351.0,77952.0,28046.0,47026.0,37098.0,53095.0,96644.0,105858.0,56655.0,61347.0,44386.0,107536.0,158354.0,53054.0,67140.0,68259.0,147198.0,207851.0,119486.0,142919.0,137521.0
678,Bolivia,Santa Cruz,Manuel María Caballero,50,232704,37308103,160,87309.0,382921.0,-295611.0,76249.0,26964.0,46235.0,36925.0,52468.0,94992.0,104889.0,56124.0,59133.0,43841.0,105197.0,153776.0,51735.0,62262.0,64667.0,133650.0,195210.0,114923.0,138792.0,128156.0
679,Bolivia,Santa Cruz,Manuel María Caballero,75,208847,34710897,166,78304.0,293451.0,-215146.0,74531.0,25505.0,44380.0,35685.0,50338.0,91276.0,102380.0,53931.0,55495.0,42668.0,99204.0,145684.0,45888.0,48175.0,54273.0,102014.0,165138.0,100020.0,126088.0,103412.0
680,Bolivia,Santa Cruz,Obispo Santistevan,0,613604,53247500,87,,,,,,,,,,,,,,,,,,,,,,,
681,Bolivia,Santa Cruz,Obispo Santistevan,10,286129,52411486,183,,,,,,,,,,,,,,,,,,,,,,,
682,Bolivia,Santa Cruz,Obispo Santistevan,15,283777,52274412,184,,,,,,,,,,,,,,,,,,,,,,,
683,Bolivia,Santa Cruz,Obispo Santistevan,20,281636,52144986,185,,,,,,,,,,,,,,,,,,,,,,,
684,Bolivia,Santa Cruz,Obispo Santistevan,25,280071,52039205,186,,,,,,,,,,,,,,,,,,,,,,,
685,Bolivia,Santa Cruz,Obispo Santistevan,30,277893,51901167,187,4021185.0,653500.0,3367685.0,6494188.0,13042938.0,13549757.0,8245742.0,10842274.0,5221647.0,3493921.0,2304068.0,696536.0,1477800.0,2347155.0,4066222.0,1156892.0,934489.0,316547.0,3236446.0,984332.0,762676.0,805949.0,444129.0
686,Bolivia,Santa Cruz,Obispo Santistevan,50,264027,50959432,193,3968442.0,585787.0,3382656.0,6436237.0,12944344.0,13452250.0,8167285.0,10739035.0,5167313.0,3429487.0,2267998.0,683694.0,1451698.0,2309017.0,3991858.0,1140801.0,908897.0,311558.0,3068394.0,942510.0,736918.0,785516.0,434040.0
687,Bolivia,Santa Cruz,Obispo Santistevan,75,231809,47376415,204,3719043.0,461808.0,3257236.0,6066219.0,12243825.0,12829897.0,7711126.0,10226713.0,4891948.0,3184767.0,2111926.0,635589.0,1348822.0,2169719.0,3742383.0,1064960.0,808945.0,280059.0,2491814.0,817443.0,652956.0,702019.0,399740.0
688,Bolivia,Santa Cruz,Sara,0,717584,95670247,133,,,,,,,,,,,,,,,,,,,,,,,
689,Bolivia,Santa Cruz,Sara,10,495703,95183812,192,,,,,,,,,,,,,,,,,,,,,,,
690,Bolivia,Santa Cruz,Sara,15,490896,94883326,193,,,,,,,,,,,,,,,,,,,,,,,
691,Bolivia,Santa Cruz,Sara,20,485300,94529319,195,,,,,,,,,,,,,,,,,,,,,,,
692,Bolivia,Santa Cruz,Sara,25,481975,94307613,196,,,,,,,,,,,,,,,,,,,,,,,
693,Bolivia,Santa Cruz,Sara,30,476814,93967077,197,5935132.0,1322861.0,4612270.0,5140588.0,6224520.0,6482604.0,2926787.0,7614032.0,5818462.0,7976936.0,8817678.0,3682834.0,6377314.0,4232581.0,10192215.0,4949787.0,4606004.0,2718984.0,16219768.0,4086691.0,3963816.0,4109328.0,2561706.0
694,Bolivia,Santa Cruz,Sara,50,452417,92249202,204,5864593.0,1179446.0,4685147.0,5102325.0,6162720.0,6430788.0,2890327.0,7552716.0,5764157.0,7913638.0,8760997.0,3661474.0,6332694.0,4205301.0,10119050.0,4918942.0,4553587.0,2694787.0,15868569.0,3973766.0,3832912.0,4045896.0,2507220.0
695,Bolivia,Santa Cruz,Sara,75,408555,87546847,214,5613847.0,953210.0,4660637.0,4870296.0,5788691.0,6150344.0,2719927.0,7271956.0,5490210.0,7609025.0,8482266.0,3542633.0,6131726.0,4088581.0,9852983.0,4796947.0,4395230.0,2609640.0,14939689.0,3719265.0,3559293.0,3896850.0,2361396.0
696,Bolivia,Santa Cruz,Vallegrande,0,610082,69555645,114,,,,,,,,,,,,,,,,,,,,,,,
697,Bolivia,Santa Cruz,Vallegrande,10,454170,68857120,152,,,,,,,,,,,,,,,,,,,,,,,
698,Bolivia,Santa Cruz,Vallegrande,15,442867,67794529,153,,,,,,,,,,,,,,,,,,,,,,,
699,Bolivia,Santa Cruz,Vallegrande,20,436334,67163062,154,,,,,,,,,,,,,,,,,,,,,,,
700,Bolivia,Santa Cruz,Vallegrande,25,430812,66632211,155,,,,,,,,,,,,,,,,,,,,,,,
701,Bolivia,Santa Cruz,Vallegrande,30,424166,65943095,155,425089.0,1173986.0,-748897.0,372442.0,209161.0,267902.0,143521.0,272248.0,86767.0,178477.0,259195.0,458421.0,16215.0,632764.0,207994.0,449562.0,402883.0,307494.0,744836.0,1669813.0,354341.0,876109.0,591640.0
702,Bolivia,Santa Cruz,Vallegrande,50,381666,61696424,162,411007.0,1009998.0,-598991.0,363861.0,206468.0,262866.0,142305.0,270159.0,85216.0,176239.0,255304.0,444315.0,14716.0,620030.0,203447.0,439254.0,385932.0,294201.0,703678.0,1609164.0,333966.0,839758.0,569272.0
703,Bolivia,Santa Cruz,Vallegrande,75,317674,54412311,171,373966.0,774680.0,-400714.0,347014.0,199433.0,250649.0,138858.0,261081.0,81995.0,167545.0,248772.0,419831.0,13762.0,595988.0,190077.0,402160.0,341022.0,265665.0,615939.0,1420412.0,292563.0,725920.0,500633.0
704,Bolivia,Santa Cruz,Ñuflo de Chávez,0,6489656,1169295787,180,,,,,,,,,,,,,,,,,,,,,,,
705,Bolivia,Santa Cruz,Ñuflo de Chávez,10,5693000,1167290752,205,,,,,,,,,,,,,,,,,,,,,,,
706,Bolivia,Santa Cruz,Ñuflo de Chávez,15,5680062,1166570122,205,,,,,,,,,,,,,,,,,,,,,,,
707,Bolivia,Santa Cruz,Ñuflo de Chávez,20,5662381,1165559755,206,,,,,,,,,,,,,,,,,,,,,,,
708,Bolivia,Santa Cruz,Ñuflo de Chávez,25,5651320,1164906753,206,,,,,,,,,,,,,,,,,,,,,,,
709,Bolivia,Santa Cruz,Ñuflo de Chávez,30,5635489,1163973839,207,21215632.0,11314864.0,9900769.0,7526958.0,9892770.0,13820257.0,17781686.0,17309433.0,15911454.0,12864367.0,23786033.0,10397859.0,38814209.0,21856212.0,26022550.0,13011805.0,22032758.0,8742586.0,31591737.0,29491272.0,15068176.0,45659875.0,42730650.0
710,Bolivia,Santa Cruz,Ñuflo de Chávez,50,5508620,1155840045,210,20854474.0,10593393.0,10261081.0,7421577.0,9724883.0,13652121.0,17417202.0,16808999.0,15595062.0,12661954.0,23414939.0,10221916.0,38451177.0,21412316.0,25525157.0,12722013.0,21470700.0,8585141.0,30549744.0,29084258.0,14690203.0,45145672.0,42534441.0
711,Bolivia,Santa Cruz,Ñuflo de Chávez,75,5231231,1127115110,215,19460038.0,9217546.0,10242492.0,6778658.0,8845265.0,12525627.0,15512963.0,15071851.0,14368285.0,11924329.0,21205043.0,9324049.0,36768176.0,19732196.0,23852037.0,11802310.0,19460095.0,7981329.0,27179611.0,27485003.0,13701378.0,43886322.0,41796229.0
712,Bolivia,Tarija,Aniceto Arce,0,492536,56954410,116,,,,,,,,,,,,,,,,,,,,,,,
713,Bolivia,Tarija,Aniceto Arce,10,334309,56627357,169,,,,,,,,,,,,,,,,,,,,,,,
714,Bolivia,Tarija,Aniceto Arce,15,331063,56371420,170,,,,,,,,,,,,,,,,,,,,,,,
715,Bolivia,Tarija,Aniceto Arce,20,328582,56167630,171,,,,,,,,,,,,,,,,,,,,,,,
716,Bolivia,Tarija,Aniceto Arce,25,327100,56044280,171,,,,,,,,,,,,,,,,,,,,,,,
717,Bolivia,Tarija,Aniceto Arce,30,325218,55886827,172,188384.0,555685.0,-367301.0,65858.0,154370.0,156436.0,113119.0,178814.0,89740.0,89266.0,229511.0,115458.0,120131.0,129253.0,161622.0,752008.0,164518.0,125000.0,165909.0,220778.0,93787.0,224108.0,418004.0
718,Bolivia,Tarija,Aniceto Arce,50,312411,54751079,175,182381.0,500429.0,-318047.0,64880.0,152585.0,154577.0,112281.0,177498.0,88998.0,88339.0,226810.0,114021.0,118203.0,126913.0,158775.0,731712.0,158646.0,119829.0,156184.0,201544.0,88389.0,212366.0,395080.0
719,Bolivia,Tarija,Aniceto Arce,75,286748,51655382,180,165576.0,401515.0,-235939.0,62273.0,147402.0,148730.0,109638.0,172130.0,86917.0,84903.0,220842.0,109977.0,112479.0,119831.0,151577.0,667590.0,141395.0,103063.0,128888.0,156130.0,73323.0,172822.0,341602.0
720,Bolivia,Tarija,Burnet O'Connor,0,607983,72931311,120,,,,,,,,,,,,,,,,,,,,,,,
721,Bolivia,Tarija,Burnet O'Connor,10,533735,72715644,136,,,,,,,,,,,,,,,,,,,,,,,
722,Bolivia,Tarija,Burnet O'Connor,15,529677,72388313,137,,,,,,,,,,,,,,,,,,,,,,,
723,Bolivia,Tarija,Burnet O'Connor,20,524576,71973471,137,,,,,,,,,,,,,,,,,,,,,,,
724,Bolivia,Tarija,Burnet O'Connor,25,521712,71728104,137,,,,,,,,,,,,,,,,,,,,,,,
725,Bolivia,Tarija,Burnet O'Connor,30,516691,71308380,138,284773.0,1394869.0,-1110097.0,78645.0,239503.0,367096.0,182242.0,226343.0,69127.0,46896.0,490575.0,190535.0,1222714.0,264454.0,151281.0,105619.0,214504.0,70829.0,295519.0,482690.0,143594.0,370971.0,482320.0
726,Bolivia,Tarija,Burnet O'Connor,50,437158,64187471,147,267729.0,1105940.0,-838211.0,75230.0,235904.0,357121.0,176415.0,222547.0,65894.0,45231.0,473647.0,184628.0,1190973.0,254983.0,146376.0,99444.0,184340.0,62944.0,250484.0,417517.0,126937.0,347076.0,436888.0
727,Bolivia,Tarija,Burnet O'Connor,75,296005,47889818,162,222987.0,610594.0,-387606.0,67687.0,222786.0,334663.0,165136.0,208874.0,60478.0,41965.0,425986.0,168844.0,1098497.0,230860.0,127738.0,77700.0,108132.0,47903.0,168972.0,234835.0,85108.0,278805.0,304778.0
728,Bolivia,Tarija,Cercado,0,204653,6552334,32,,,,,,,,,,,,,,,,,,,,,,,
729,Bolivia,Tarija,Cercado,10,45422,6359369,140,,,,,,,,,,,,,,,,,,,,,,,
730,Bolivia,Tarija,Cercado,15,44212,6258485,142,,,,,,,,,,,,,,,,,,,,,,,
731,Bolivia,Tarija,Cercado,20,43477,6193247,142,,,,,,,,,,,,,,,,,,,,,,,
732,Bolivia,Tarija,Cercado,25,42942,6146538,143,,,,,,,,,,,,,,,,,,,,,,,
733,Bolivia,Tarija,Cercado,30,42439,6101938,144,3495.0,91056.0,-87561.0,1120.0,6429.0,6244.0,4933.0,1549.0,4092.0,2836.0,2107.0,5847.0,2252.0,7957.0,8860.0,3231.0,565.0,864.0,1942.0,941.0,306.0,6627.0,1203.0
734,Bolivia,Tarija,Cercado,50,39167,5796643,148,3326.0,78207.0,-74881.0,1037.0,6284.0,6203.0,4817.0,1536.0,3865.0,2753.0,2038.0,5455.0,1940.0,7708.0,8602.0,3093.0,513.0,822.0,1442.0,863.0,276.0,6181.0,1090.0
735,Bolivia,Tarija,Cercado,75,32839,5056273,154,2939.0,56689.0,-53750.0,961.0,5607.0,6126.0,4650.0,1464.0,3413.0,2398.0,1974.0,4910.0,1551.0,7021.0,7726.0,2335.0,387.0,652.0,1078.0,566.0,117.0,4984.0,868.0
736,Bolivia,Tarija,Eustaquio Méndez,0,406281,3806826,9,,,,,,,,,,,,,,,,,,,,,,,
737,Bolivia,Tarija,Eustaquio Méndez,10,34096,3477095,102,,,,,,,,,,,,,,,,,,,,,,,
738,Bolivia,Tarija,Eustaquio Méndez,15,31081,3232479,104,,,,,,,,,,,,,,,,,,,,,,,
739,Bolivia,Tarija,Eustaquio Méndez,20,28876,3046298,105,,,,,,,,,,,,,,,,,,,,,,,
740,Bolivia,Tarija,Eustaquio Méndez,25,26895,2881106,107,,,,,,,,,,,,,,,,,,,,,,,
741,Bolivia,Tarija,Eustaquio Méndez,30,25222,2737670,109,2849.0,97357.0,-94508.0,4892.0,6385.0,3222.0,1157.0,2720.0,1318.0,859.0,2550.0,7352.0,14435.0,1754.0,5683.0,42.0,59.0,257.0,887.0,2590.0,199.0,305.0,315.0
742,Bolivia,Tarija,Eustaquio Méndez,50,15860,1909586,120,2544.0,61187.0,-58642.0,4393.0,6200.0,2541.0,1086.0,2533.0,1032.0,561.0,2267.0,6599.0,13496.0,1717.0,5251.0,22.0,0.0,237.0,289.0,2273.0,49.0,23.0,315.0
743,Bolivia,Tarija,Eustaquio Méndez,75,7234,987227,136,2011.0,27869.0,-25858.0,3380.0,5449.0,2104.0,842.0,2261.0,821.0,427.0,1570.0,4779.0,11065.0,1524.0,4350.0,0.0,0.0,212.0,105.0,1035.0,0.0,0.0,289.0
744,Bolivia,Tarija,Gran Chaco,0,1752416,139350382,80,,,,,,,,,,,,,,,,,,,,,,,
745,Bolivia,Tarija,Gran Chaco,10,1561698,139074364,89,,,,,,,,,,,,,,,,,,,,,,,
746,Bolivia,Tarija,Gran Chaco,15,1552600,138623751,89,,,,,,,,,,,,,,,,,,,,,,,
747,Bolivia,Tarija,Gran Chaco,20,1538019,137925337,90,,,,,,,,,,,,,,,,,,,,,,,
748,Bolivia,Tarija,Gran Chaco,25,1506267,136756750,91,,,,,,,,,,,,,,,,,,,,,,,
749,Bolivia,Tarija,Gran Chaco,30,1477443,135591911,92,1661434.0,4653802.0,-2992368.0,998020.0,476610.0,594949.0,1738104.0,1650281.0,1209924.0,415593.0,5849930.0,1911714.0,3643945.0,1748878.0,1329503.0,1016495.0,880230.0,324037.0,1073552.0,1474453.0,1683833.0,2442432.0,2766190.0
750,Bolivia,Tarija,Gran Chaco,50,698253,93945007,135,1300322.0,1952512.0,-652189.0,869589.0,375627.0,532335.0,1366412.0,1294130.0,961469.0,297520.0,4906960.0,1642445.0,3459102.0,1568221.0,1049183.0,759082.0,558376.0,264614.0,693946.0,1025884.0,937943.0,1512712.0,1930889.0
751,Bolivia,Tarija,Gran Chaco,75,317776,52371226,165,667470.0,686952.0,-19482.0,501108.0,232251.0,417895.0,983127.0,836567.0,492402.0,105293.0,2632237.0,827012.0,2361180.0,811198.0,447428.0,413344.0,226678.0,113511.0,288687.0,490521.0,206194.0,351046.0,611718.0
752,Bolivia,Tarija,José María Avilés,0,266620,900602,3,,,,,,,,,,,,,,,,,,,,,,,
753,Bolivia,Tarija,José María Avilés,10,7455,801644,108,,,,,,,,,,,,,,,,,,,,,,,
754,Bolivia,Tarija,José María Avilés,15,6701,742777,111,,,,,,,,,,,,,,,,,,,,,,,
755,Bolivia,Tarija,José María Avilés,20,6229,703777,113,,,,,,,,,,,,,,,,,,,,,,,
756,Bolivia,Tarija,José María Avilés,25,5852,672834,115,,,,,,,,,,,,,,,,,,,,,,,
757,Bolivia,Tarija,José María Avilés,30,5524,645286,117,752.0,20701.0,-19949.0,695.0,777.0,542.0,1305.0,569.0,568.0,1100.0,985.0,1173.0,866.0,1209.0,982.0,70.0,22.0,0.0,999.0,255.0,1109.0,1659.0,146.0
758,Bolivia,Tarija,José María Avilés,50,3908,502921,129,584.0,14373.0,-13789.0,642.0,735.0,501.0,1275.0,480.0,519.0,860.0,612.0,950.0,751.0,1073.0,928.0,70.0,0.0,0.0,340.0,23.0,471.0,1392.0,60.0
759,Bolivia,Tarija,José María Avilés,75,2178,307888,141,441.0,7655.0,-7214.0,589.0,547.0,471.0,1211.0,249.0,477.0,693.0,288.0,700.0,430.0,779.0,754.0,50.0,0.0,0.0,135.0,0.0,339.0,1093.0,13.0
